domain_id,domain,family,entropy,vowel_ratio,length,is_dga,confidence,dga_source
dga_00001,xazspatcrkryrq.com,cryptolocker,3.6835,0.1765,18,True,0.985,DGArchive / Cryptolocker Research
dga_00002,pknozurczsnmzwpiha.net,cryptolocker,3.9363,0.2381,22,True,0.985,DGArchive / Cryptolocker Research
dga_00003,fypsfwvkzmda.biz,cryptolocker,3.75,0.1333,16,True,0.985,DGArchive / Cryptolocker Research
dga_00004,xgvclqxytojubkx.ru,cryptolocker,3.7947,0.1765,18,True,0.985,DGArchive / Cryptolocker Research
dga_00005,kvqrwtktyrivgza.org,cryptolocker,3.5766,0.1667,19,True,0.985,DGArchive / Cryptolocker Research
dga_00006,farilmdejitkjen.co.uk,cryptolocker,3.9161,0.3684,21,True,0.985,DGArchive / Cryptolocker Research
dga_00007,kbyfubwlmfqhadmrar.info,cryptolocker,3.969,0.2273,23,True,0.985,DGArchive / Cryptolocker Research
dga_00008,gbolmpwdgxydorqxqz.com,cryptolocker,3.7888,0.1429,22,True,0.985,DGArchive / Cryptolocker Research
dga_00009,mtilmxgjuxon.net,cryptolocker,3.5,0.2667,16,True,0.985,DGArchive / Cryptolocker Research
dga_00010,wrmrknuhyfgjipmlqd.biz,cryptolocker,4.1867,0.1429,22,True,0.985,DGArchive / Cryptolocker Research
dga_00011,qlcpihitixexuf.ru,cryptolocker,3.5725,0.375,17,True,0.985,DGArchive / Cryptolocker Research
dga_00012,mfkfivqxypafsj.org,cryptolocker,3.9058,0.1765,18,True,0.985,DGArchive / Cryptolocker Research
dga_00013,yjsfipidkxitytufg.co.uk,cryptolocker,3.7951,0.2857,23,True,0.985,DGArchive / Cryptolocker Research
dga_00014,xepchafclajs.info,cryptolocker,3.7345,0.3125,17,True,0.985,DGArchive / Cryptolocker Research
dga_00015,dejwfgzmjqnap.com,cryptolocker,3.8522,0.1875,17,True,0.985,DGArchive / Cryptolocker Research
dga_00016,kdatkxozsbybud.net,cryptolocker,3.7255,0.2353,18,True,0.985,DGArchive / Cryptolocker Research
dga_00017,ajstkxwlubmhyn.biz,cryptolocker,4.0588,0.1765,18,True,0.985,DGArchive / Cryptolocker Research
dga_00018,klitudylmlghmb.ru,cryptolocker,3.5725,0.1875,17,True,0.985,DGArchive / Cryptolocker Research
dga_00019,ktelulczmxsra.org,cryptolocker,3.8522,0.25,17,True,0.985,DGArchive / Cryptolocker Research
dga_00020,luduradglibgfotkx.co.uk,cryptolocker,3.7951,0.3333,23,True,0.985,DGArchive / Cryptolocker Research
dga_00021,ezclovsronupydqbe.info,cryptolocker,4.0615,0.3333,22,True,0.985,DGArchive / Cryptolocker Research
dga_00022,lkfapexcjsjcryjana.com,cryptolocker,3.811,0.2381,22,True,0.985,DGArchive / Cryptolocker Research
dga_00023,zinqnevadibib.net,cryptolocker,3.2928,0.375,17,True,0.985,DGArchive / Cryptolocker Research
dga_00024,gjijqfotwpidsh.biz,cryptolocker,3.7947,0.2353,18,True,0.985,DGArchive / Cryptolocker Research
dga_00025,klshkzsfgvglgpar.ru,cryptolocker,3.5766,0.1111,19,True,0.985,DGArchive / Cryptolocker Research
dga_00026,mbudglidkvwjeh.org,cryptolocker,3.9477,0.2353,18,True,0.985,DGArchive / Cryptolocker Research
dga_00027,upehmzmbejyrwb.co.uk,cryptolocker,3.8219,0.2778,20,True,0.985,DGArchive / Cryptolocker Research
dga_00028,wvwpktedefgzinshst.info,cryptolocker,3.9149,0.2273,23,True,0.985,DGArchive / Cryptolocker Research
dga_00029,qzglwpwpyvulgjknuz.com,cryptolocker,3.914,0.1429,22,True,0.985,DGArchive / Cryptolocker Research
dga_00030,wjkrirsbunmhqful.net,cryptolocker,4.0219,0.2105,20,True,0.985,DGArchive / Cryptolocker Research
dga_00031,itabmxifodij.biz,cryptolocker,3.375,0.4,16,True,0.985,DGArchive / Cryptolocker Research
dga_00032,mhotolsjehafcrshs.ru,cryptolocker,3.6464,0.2632,20,True,0.985,DGArchive / Cryptolocker Research
dga_00033,zorajmjgxktutixe.org,cryptolocker,3.7219,0.3158,20,True,0.985,DGArchive / Cryptolocker Research
dga_00034,pejutwrgtivy.co.uk,cryptolocker,3.8366,0.3125,18,True,0.985,DGArchive / Cryptolocker Research
dga_00035,jofcpgxivirmpmd.info,cryptolocker,3.6842,0.2632,20,True,0.985,DGArchive / Cryptolocker Research
dga_00036,utezopirorgj.com,cryptolocker,3.5778,0.4,16,True,0.985,DGArchive / Cryptolocker Research
dga_00037,mhubahkdydex.net,cryptolocker,3.625,0.2667,16,True,0.985,DGArchive / Cryptolocker Research
dga_00038,ibahovspkdyvclw.biz,cryptolocker,3.9321,0.2222,19,True,0.985,DGArchive / Cryptolocker Research
dga_00039,nqpofybolqlkfwrob.ru,cryptolocker,3.5842,0.2105,20,True,0.985,DGArchive / Cryptolocker Research
dga_00040,mholebehkzkrkdkxon.org,cryptolocker,3.6069,0.2381,22,True,0.985,DGArchive / Cryptolocker Research
dga_00041,adwfuhwfuxozqngzip.co.uk,cryptolocker,3.9702,0.3182,24,True,0.985,DGArchive / Cryptolocker Research
dga_00042,ivypcvwtgjwto.info,cryptolocker,3.6144,0.2353,18,True,0.985,DGArchive / Cryptolocker Research
dga_00043,rezunmlmfqjyxo.com,cryptolocker,3.7947,0.2353,18,True,0.985,DGArchive / Cryptolocker Research
dga_00044,rsfihclerspunuvsl.net,cryptolocker,3.6897,0.25,21,True,0.985,DGArchive / Cryptolocker Research
dga_00045,mnkzmtufwpide.biz,cryptolocker,3.7345,0.25,17,True,0.985,DGArchive / Cryptolocker Research
dga_00046,vqxobwduzwfa.ru,cryptolocker,3.6402,0.2857,15,True,0.985,DGArchive / Cryptolocker Research
dga_00047,lmnezuzydcdwlqrgrq.org,cryptolocker,3.7888,0.1429,22,True,0.985,DGArchive / Cryptolocker Research
dga_00048,vsjwzihwvynyp.co.uk,cryptolocker,3.8269,0.1765,19,True,0.985,DGArchive / Cryptolocker Research
dga_00049,ozijyfoxirmvc.info,cryptolocker,3.5305,0.3529,18,True,0.985,DGArchive / Cryptolocker Research
dga_00050,balqdybapkdgrqdk.com,cryptolocker,3.6842,0.1579,20,True,0.985,DGArchive / Cryptolocker Research
dga_00051,vmrqborwnsluxcho.net,cryptolocker,4.0219,0.2105,20,True,0.985,DGArchive / Cryptolocker Research
dga_00052,vatmdanapingr.biz,cryptolocker,3.5725,0.3125,17,True,0.985,DGArchive / Cryptolocker Research
dga_00053,wzcpkzgxsjsbs.ru,cryptolocker,3.5778,0.0667,16,True,0.985,DGArchive / Cryptolocker Research
dga_00054,hcpwbwtkjidebslqpa.org,cryptolocker,4.1867,0.1905,22,True,0.985,DGArchive / Cryptolocker Research
dga_00055,twjghoncfqdure.co.uk,cryptolocker,3.9219,0.2778,20,True,0.985,DGArchive / Cryptolocker Research
dga_00056,xsfkrwxcrcteti.info,cryptolocker,3.6163,0.2222,19,True,0.985,DGArchive / Cryptolocker Research
dga_00057,vknwbkjkjubqv.com,cryptolocker,3.4548,0.125,17,True,0.985,DGArchive / Cryptolocker Research
dga_00058,ydkzofwhorozypqf.net,cryptolocker,3.7842,0.2105,20,True,0.985,DGArchive / Cryptolocker Research
dga_00059,alihodytsdczcxy.biz,cryptolocker,3.7216,0.2222,19,True,0.985,DGArchive / Cryptolocker Research
dga_00060,bmlcpgtovwvgrwvmzq.ru,cryptolocker,3.7849,0.1,21,True,0.985,DGArchive / Cryptolocker Research
dga_00061,jmlcrapgxedex.org,cryptolocker,3.6169,0.25,17,True,0.985,DGArchive / Cryptolocker Research
dga_00062,ynqbsxwrmfcxkjq.co.uk,cryptolocker,3.9161,0.1053,21,True,0.985,DGArchive / Cryptolocker Research
dga_00063,nwtapqlwfqnkd.info,cryptolocker,3.5724,0.1765,18,True,0.985,DGArchive / Cryptolocker Research
dga_00064,utwlefkjibqtybuxsl.com,cryptolocker,4.0958,0.2381,22,True,0.985,DGArchive / Cryptolocker Research
dga_00065,ahqrsrypudaxofipw.net,cryptolocker,4.1066,0.3,21,True,0.985,DGArchive / Cryptolocker Research
dga_00066,ryjatadyfclovaz.biz,cryptolocker,3.7871,0.2778,19,True,0.985,DGArchive / Cryptolocker Research
dga_00067,qrojytutstglytef.ru,cryptolocker,3.5111,0.2222,19,True,0.985,DGArchive / Cryptolocker Research
dga_00068,yhktgpidgdutwr.org,cryptolocker,3.5724,0.1765,18,True,0.985,DGArchive / Cryptolocker Research
dga_00069,qdipylgnqvmrwdyhc.co.uk,cryptolocker,4.0888,0.1429,23,True,0.985,DGArchive / Cryptolocker Research
dga_00070,bsjcholavuxopmrun.info,cryptolocker,4.0615,0.3333,22,True,0.985,DGArchive / Cryptolocker Research
dga_00071,slyfmlilwfklspejyx.com,cryptolocker,3.7322,0.1429,22,True,0.985,DGArchive / Cryptolocker Research
dga_00072,qhoxurutqdodabmpk.net,cryptolocker,3.9161,0.3,21,True,0.985,DGArchive / Cryptolocker Research
dga_00073,fgfwfqjwbqpkhehel.biz,cryptolocker,3.6897,0.15,21,True,0.985,DGArchive / Cryptolocker Research
dga_00074,ktyfmjcrwlgdep.ru,cryptolocker,3.9698,0.125,17,True,0.985,DGArchive / Cryptolocker Research
dga_00075,uformlmnebqd.org,cryptolocker,3.625,0.2667,16,True,0.985,DGArchive / Cryptolocker Research
dga_00076,krapovyvstgzmzo.co.uk,cryptolocker,3.7849,0.2632,21,True,0.985,DGArchive / Cryptolocker Research
dga_00077,zkfkvilsrqjcxw.info,cryptolocker,3.9321,0.1667,19,True,0.985,DGArchive / Cryptolocker Research
dga_00078,tgfqncjkvgbsjank.com,cryptolocker,3.8219,0.1053,20,True,0.985,DGArchive / Cryptolocker Research
dga_00079,dilulsfclqdyzgb.net,cryptolocker,3.8924,0.1667,19,True,0.985,DGArchive / Cryptolocker Research
dga_00080,gbgzafwxcdyjqbenw.biz,cryptolocker,3.8802,0.15,21,True,0.985,DGArchive / Cryptolocker Research
dga_00081,pelsxqjubqdg.ru,cryptolocker,3.6402,0.2143,15,True,0.985,DGArchive / Cryptolocker Research
dga_00082,hmlizyrmlwxqvcxmrs.org,cryptolocker,3.8454,0.0952,22,True,0.985,DGArchive / Cryptolocker Research
dga_00083,bsburynqfurqvuxkv.co.uk,cryptolocker,3.654,0.2381,23,True,0.985,DGArchive / Cryptolocker Research
dga_00084,uxgnmlovwfix.info,cryptolocker,3.4992,0.3125,17,True,0.985,DGArchive / Cryptolocker Research
dga_00085,ovutqtgbkzgperw.com,cryptolocker,3.9321,0.2222,19,True,0.985,DGArchive / Cryptolocker Research
dga_00086,nunqtatmzmlktg.net,cryptolocker,3.3502,0.1765,18,True,0.985,DGArchive / Cryptolocker Research
dga_00087,dqpcbixwbylczs.biz,cryptolocker,3.5724,0.1176,18,True,0.985,DGArchive / Cryptolocker Research
dga_00088,twbelspqfgngl.ru,cryptolocker,3.75,0.1333,16,True,0.985,DGArchive / Cryptolocker Research
dga_00089,ajufyrmlytolk.org,cryptolocker,3.6169,0.25,17,True,0.985,DGArchive / Cryptolocker Research
dga_00090,tyzkxqpkdsbmh.co.uk,cryptolocker,3.8924,0.1176,19,True,0.985,DGArchive / Cryptolocker Research
dga_00091,axktypgdajyfw.info,cryptolocker,3.8366,0.2353,18,True,0.985,DGArchive / Cryptolocker Research
dga_00092,vwbgtabstwbg.com,cryptolocker,3.3278,0.1333,16,True,0.985,DGArchive / Cryptolocker Research
dga_00093,nalezwtedyhebgnqzw.net,cryptolocker,3.6069,0.2381,22,True,0.985,DGArchive / Cryptolocker Research
dga_00094,pglybovelexgnwtwz.biz,cryptolocker,3.8209,0.2,21,True,0.985,DGArchive / Cryptolocker Research
dga_00095,srgzqrgfapixsncxmv.ru,cryptolocker,3.8802,0.15,21,True,0.985,DGArchive / Cryptolocker Research
dga_00096,mngnaruvmhwvoza.org,cryptolocker,3.5111,0.2778,19,True,0.985,DGArchive / Cryptolocker Research
dga_00097,zytszkdgdcvs.co.uk,cryptolocker,3.5033,0.125,18,True,0.985,DGArchive / Cryptolocker Research
dga_00098,vspavajivkzgz.info,cryptolocker,3.5724,0.2941,18,True,0.985,DGArchive / Cryptolocker Research
dga_00099,ufmdqdgrotwdcv.com,cryptolocker,3.5724,0.1765,18,True,0.985,DGArchive / Cryptolocker Research
dga_00100,ynklwpmnqfizstaxa.net,cryptolocker,3.9754,0.2,21,True,0.985,DGArchive / Cryptolocker Research
dga_00101,tsxylclwralktsnqxg.biz,cryptolocker,3.9706,0.0952,22,True,0.985,DGArchive / Cryptolocker Research
dga_00102,xixyvobgxcteh.ru,cryptolocker,3.7028,0.2667,16,True,0.985,DGArchive / Cryptolocker Research
dga_00103,wvsvmfadaxifqbqri.org,cryptolocker,3.8209,0.25,21,True,0.985,DGArchive / Cryptolocker Research
dga_00104,jyzglkzuhchkrw.co.uk,cryptolocker,3.5842,0.1667,20,True,0.985,DGArchive / Cryptolocker Research
dga_00105,hcvslgnwzcnudyxq.info,cryptolocker,4.0707,0.15,21,True,0.985,DGArchive / Cryptolocker Research
dga_00106,hofwrytuvkdc.com,cryptolocker,3.75,0.2,16,True,0.985,DGArchive / Cryptolocker Research
dga_00107,jifwnkpsvkzy.net,cryptolocker,3.75,0.1333,16,True,0.985,DGArchive / Cryptolocker Research
dga_00108,zeryjopilirsjknun.biz,cryptolocker,3.7849,0.3,21,True,0.985,DGArchive / Cryptolocker Research
dga_00109,ctazqrqxczebaxkjs.ru,cryptolocker,3.7219,0.2105,20,True,0.985,DGArchive / Cryptolocker Research
dga_00110,rkrqhcvahkrslsren.org,cryptolocker,3.5538,0.15,21,True,0.985,DGArchive / Cryptolocker Research
dga_00111,qxctmpqxmbezyzovg.co.uk,cryptolocker,3.9149,0.1905,23,True,0.985,DGArchive / Cryptolocker Research
dga_00112,tklahqlctcrub.info,cryptolocker,3.8366,0.2353,18,True,0.985,DGArchive / Cryptolocker Research
dga_00113,gtaxivgfkpkl.com,cryptolocker,3.75,0.2,16,True,0.985,DGArchive / Cryptolocker Research
dga_00114,yrcverofahwdkvcx.net,cryptolocker,3.9219,0.2105,20,True,0.985,DGArchive / Cryptolocker Research
dga_00115,ktuzmdkhazqt.biz,cryptolocker,3.4528,0.2,16,True,0.985,DGArchive / Cryptolocker Research
dga_00116,wzwvkdyhkrsns.ru,cryptolocker,3.5,0.0667,16,True,0.985,DGArchive / Cryptolocker Research
dga_00117,rexkfwzsdizibi.org,cryptolocker,3.6835,0.2941,18,True,0.985,DGArchive / Cryptolocker Research
dga_00118,nsvyjencpmtmbmpivm.co.uk,cryptolocker,3.835,0.1818,24,True,0.985,DGArchive / Cryptolocker Research
dga_00119,zapshkxarqxy.info,cryptolocker,3.8522,0.25,17,True,0.985,DGArchive / Cryptolocker Research
dga_00120,lkrcjgrwlkbaxih.com,cryptolocker,3.8269,0.1667,19,True,0.985,DGArchive / Cryptolocker Research
dga_00121,idefkbolizmfgxq.net,cryptolocker,3.9321,0.2778,19,True,0.985,DGArchive / Cryptolocker Research
dga_00122,bwxqvsnityfkheh.biz,cryptolocker,3.9321,0.1667,19,True,0.985,DGArchive / Cryptolocker Research
dga_00123,ujebkpqrgbihm.ru,cryptolocker,3.625,0.2667,16,True,0.985,DGArchive / Cryptolocker Research
dga_00124,pgxezcjevapuvwjafq.org,cryptolocker,3.914,0.2857,22,True,0.985,DGArchive / Cryptolocker Research
dga_00125,hazsjevavonohs.co.uk,cryptolocker,3.5842,0.3889,20,True,0.985,DGArchive / Cryptolocker Research
dga_00126,hahoraxihopunsn.info,cryptolocker,3.4087,0.4211,20,True,0.985,DGArchive / Cryptolocker Research
dga_00127,epkzujedylqhob.com,cryptolocker,3.9477,0.2941,18,True,0.985,DGArchive / Cryptolocker Research
dga_00128,edwpglcjslutuzivul.net,cryptolocker,3.8454,0.2857,22,True,0.985,DGArchive / Cryptolocker Research
dga_00129,ebgxmvelkzknc.biz,cryptolocker,3.6169,0.1875,17,True,0.985,DGArchive / Cryptolocker Research
dga_00130,judwlwfmtmhetcbadc.ru,cryptolocker,3.8209,0.2,21,True,0.985,DGArchive / Cryptolocker Research
dga_00131,xmdydmhwlotejq.org,cryptolocker,3.8366,0.1765,18,True,0.985,DGArchive / Cryptolocker Research
dga_00132,lopsvqzirepqjal.co.uk,cryptolocker,3.9161,0.3158,21,True,0.985,DGArchive / Cryptolocker Research
dga_00133,idwvubgpsvynmval.info,cryptolocker,3.9754,0.25,21,True,0.985,DGArchive / Cryptolocker Research
dga_00134,mpebulixcnevkr.com,cryptolocker,3.8366,0.2941,18,True,0.985,DGArchive / Cryptolocker Research
dga_00135,slgtcfcbynszm.net,cryptolocker,3.6169,0.0625,17,True,0.985,DGArchive / Cryptolocker Research
dga_00136,zofotonozqvorqx.biz,cryptolocker,3.2814,0.3333,19,True,0.985,DGArchive / Cryptolocker Research
dga_00137,ijwrsdsjyfkbuxalw.ru,cryptolocker,3.8219,0.2105,20,True,0.985,DGArchive / Cryptolocker Research
dga_00138,lgvudqjkbyle.org,cryptolocker,3.75,0.2,16,True,0.985,DGArchive / Cryptolocker Research
dga_00139,jsvurudexgtexg.co.uk,cryptolocker,3.6842,0.3333,20,True,0.985,DGArchive / Cryptolocker Research
dga_00140,xihqnglkhmxajozs.info,cryptolocker,3.9161,0.25,21,True,0.985,DGArchive / Cryptolocker Research
dga_00141,pszwtmnanmxexeral.com,cryptolocker,3.7849,0.25,21,True,0.985,DGArchive / Cryptolocker Research
dga_00142,ivkrcpabixyjoraj.net,cryptolocker,3.9219,0.3158,20,True,0.985,DGArchive / Cryptolocker Research
dga_00143,uzgdopqjwviho.biz,cryptolocker,3.7345,0.3125,17,True,0.985,DGArchive / Cryptolocker Research
dga_00144,vqzgfytiviparcjk.ru,cryptolocker,3.9321,0.2222,19,True,0.985,DGArchive / Cryptolocker Research
dga_00145,zkrcfsfqrczmbmpm.org,cryptolocker,3.5464,0.0526,20,True,0.985,DGArchive / Cryptolocker Research
dga_00146,vabwvizivudkje.co.uk,cryptolocker,3.6842,0.3889,20,True,0.985,DGArchive / Cryptolocker Research
dga_00147,tkzmjclyhwtunolc.info,cryptolocker,3.9161,0.2,21,True,0.985,DGArchive / Cryptolocker Research
dga_00148,vshmvopsvctara.com,cryptolocker,3.3502,0.2353,18,True,0.985,DGArchive / Cryptolocker Research
dga_00149,pmjorazkxezytov.net,cryptolocker,3.8269,0.2778,19,True,0.985,DGArchive / Cryptolocker Research
dga_00150,elipexkhwzsfwnw.biz,cryptolocker,3.6819,0.2222,19,True,0.985,DGArchive / Cryptolocker Research
dga_00151,ginigacaqe.net,necurs,3.0931,0.4615,14,True,0.985,DGArchive / Necurs Research
dga_00152,meyefelexetoke.biz,necurs,3.3083,0.4706,18,True,0.985,DGArchive / Necurs Research
dga_00153,noweyani.com,necurs,3.2516,0.4545,12,True,0.985,DGArchive / Necurs Research
dga_00154,powuzafadiq.top,necurs,3.5069,0.4286,15,True,0.985,DGArchive / Necurs Research
dga_00155,wovofoseziriw.org,necurs,3.2639,0.4375,17,True,0.985,DGArchive / Necurs Research
dga_00156,vopepiji.net,necurs,3.085,0.4545,12,True,0.985,DGArchive / Necurs Research
dga_00157,jexifeyidepu.com,necurs,3.5778,0.4667,16,True,0.985,DGArchive / Necurs Research
dga_00158,regoluroje.net,necurs,3.182,0.4615,14,True,0.985,DGArchive / Necurs Research
dga_00159,hofuyasok.net,necurs,3.5466,0.4167,13,True,0.985,DGArchive / Necurs Research
dga_00160,suxocofofin.biz,necurs,3.3232,0.4286,15,True,0.985,DGArchive / Necurs Research
dga_00161,pegopaqejenug.com,necurs,3.4548,0.4375,17,True,0.985,DGArchive / Necurs Research
dga_00162,zizipune.cc,necurs,2.914,0.4,11,True,0.985,DGArchive / Necurs Research
dga_00163,yegiqohobado.net,necurs,3.5778,0.4667,16,True,0.985,DGArchive / Necurs Research
dga_00164,rorihurasavace.biz,necurs,3.5305,0.4706,18,True,0.985,DGArchive / Necurs Research
dga_00165,fiwopuxica.com,necurs,3.3788,0.4615,14,True,0.985,DGArchive / Necurs Research
dga_00166,beyajaxaj.cc,necurs,2.8554,0.3636,12,True,0.985,DGArchive / Necurs Research
dga_00167,nuselovipudaho.top,necurs,3.6835,0.4706,18,True,0.985,DGArchive / Necurs Research
dga_00168,qiqawudezepa.net,necurs,3.4528,0.4667,16,True,0.985,DGArchive / Necurs Research
dga_00169,wepewociniwiqo.cc,necurs,3.0131,0.4375,17,True,0.985,DGArchive / Necurs Research
dga_00170,nusedomeni.com,necurs,3.2359,0.4615,14,True,0.985,DGArchive / Necurs Research
dga_00171,cimayiluhokase.cc,necurs,3.5725,0.4375,17,True,0.985,DGArchive / Necurs Research
dga_00172,haluxida.top,necurs,3.4183,0.4545,12,True,0.985,DGArchive / Necurs Research
dga_00173,canuliqigob.com,necurs,3.5069,0.4286,15,True,0.985,DGArchive / Necurs Research
dga_00174,genaxufokix.net,necurs,3.5069,0.4286,15,True,0.985,DGArchive / Necurs Research
dga_00175,boquzefezawaca.com,necurs,3.4613,0.4706,18,True,0.985,DGArchive / Necurs Research
dga_00176,wusozeliya.com,necurs,3.6645,0.4615,14,True,0.985,DGArchive / Necurs Research
dga_00177,qepajakad.com,necurs,3.3347,0.4167,13,True,0.985,DGArchive / Necurs Research
dga_00178,dogeburozi.info,necurs,3.4566,0.5,15,True,0.985,DGArchive / Necurs Research
dga_00179,hegitaruma.com,necurs,3.5216,0.4615,14,True,0.985,DGArchive / Necurs Research
dga_00180,gofitoliwava.net,necurs,3.5,0.4667,16,True,0.985,DGArchive / Necurs Research
dga_00181,raqaxosugikex.biz,necurs,3.7345,0.4375,17,True,0.985,DGArchive / Necurs Research
dga_00182,citaxamen.info,necurs,3.3788,0.4615,14,True,0.985,DGArchive / Necurs Research
dga_00183,pexadamadime.net,necurs,3.1556,0.4667,16,True,0.985,DGArchive / Necurs Research
dga_00184,zupiriwidogo.cc,necurs,3.3232,0.4286,15,True,0.985,DGArchive / Necurs Research
dga_00185,hapiqepoh.biz,necurs,3.2389,0.4167,13,True,0.985,DGArchive / Necurs Research
dga_00186,dorowowi.cc,necurs,2.6635,0.4,11,True,0.985,DGArchive / Necurs Research
dga_00187,zehejukafaz.org,necurs,3.5069,0.4286,15,True,0.985,DGArchive / Necurs Research
dga_00188,naloluzogolu.com,necurs,3.0778,0.4667,16,True,0.985,DGArchive / Necurs Research
dga_00189,vuzehefumek.com,necurs,3.3232,0.4286,15,True,0.985,DGArchive / Necurs Research
dga_00190,rulakise.com,necurs,3.585,0.4545,12,True,0.985,DGArchive / Necurs Research
dga_00191,rahawezoqudite.info,necurs,3.8269,0.5,19,True,0.985,DGArchive / Necurs Research
dga_00192,yohulilabaduj.net,necurs,3.7345,0.4375,17,True,0.985,DGArchive / Necurs Research
dga_00193,miqanicixo.com,necurs,3.0391,0.4615,14,True,0.985,DGArchive / Necurs Research
dga_00194,fopuxadoyiyum.info,necurs,3.4613,0.4706,18,True,0.985,DGArchive / Necurs Research
dga_00195,fitatovic.net,necurs,3.1808,0.4167,13,True,0.985,DGArchive / Necurs Research
dga_00196,quxepixevepi.top,necurs,3.1556,0.4667,16,True,0.985,DGArchive / Necurs Research
dga_00197,radocogi.com,necurs,3.0221,0.4545,12,True,0.985,DGArchive / Necurs Research
dga_00198,lecepusigocu.cc,necurs,3.1069,0.4286,15,True,0.985,DGArchive / Necurs Research
dga_00199,yoguyezokemiw.com,necurs,3.4548,0.4375,17,True,0.985,DGArchive / Necurs Research
dga_00200,fakapivotas.com,necurs,3.4566,0.4286,15,True,0.985,DGArchive / Necurs Research
dga_00201,cuyudanewas.org,necurs,3.6402,0.4286,15,True,0.985,DGArchive / Necurs Research
dga_00202,zutoyakuho.biz,necurs,3.3788,0.4615,14,True,0.985,DGArchive / Necurs Research
dga_00203,gosicowovafuc.com,necurs,3.3372,0.4375,17,True,0.985,DGArchive / Necurs Research
dga_00204,seyotumuwe.biz,necurs,3.5216,0.4615,14,True,0.985,DGArchive / Necurs Research
dga_00205,peqijogeya.com,necurs,3.5216,0.4615,14,True,0.985,DGArchive / Necurs Research
dga_00206,gafazoqezajoca.info,necurs,3.3661,0.5,19,True,0.985,DGArchive / Necurs Research
dga_00207,moqukuqoyacib.org,necurs,3.5725,0.4375,17,True,0.985,DGArchive / Necurs Research
dga_00208,visojihaqina.biz,necurs,3.375,0.4667,16,True,0.985,DGArchive / Necurs Research
dga_00209,fulofocoxogos.cc,necurs,2.8522,0.4,16,True,0.985,DGArchive / Necurs Research
dga_00210,teyatecex.info,necurs,3.3249,0.4615,14,True,0.985,DGArchive / Necurs Research
dga_00211,tujamavudebogo.net,necurs,3.6144,0.4706,18,True,0.985,DGArchive / Necurs Research
dga_00212,hawazipojewaru.org,necurs,3.5724,0.4706,18,True,0.985,DGArchive / Necurs Research
dga_00213,meyumuducij.info,necurs,3.4528,0.4667,16,True,0.985,DGArchive / Necurs Research
dga_00214,xawolesa.top,necurs,3.2516,0.4545,12,True,0.985,DGArchive / Necurs Research
dga_00215,tojecudu.com,necurs,3.085,0.4545,12,True,0.985,DGArchive / Necurs Research
dga_00216,rixusibesobacu.biz,necurs,3.4194,0.4706,18,True,0.985,DGArchive / Necurs Research
dga_00217,biwatitomakila.top,necurs,3.2663,0.4706,18,True,0.985,DGArchive / Necurs Research
dga_00218,lohigijariqem.info,necurs,3.6144,0.4706,18,True,0.985,DGArchive / Necurs Research
dga_00219,wafipizajido.net,necurs,3.5778,0.4667,16,True,0.985,DGArchive / Necurs Research
dga_00220,fapovaje.net,necurs,3.2516,0.4545,12,True,0.985,DGArchive / Necurs Research
dga_00221,qakevili.top,necurs,3.4183,0.4545,12,True,0.985,DGArchive / Necurs Research
dga_00222,kizimalazey.biz,necurs,3.1396,0.4286,15,True,0.985,DGArchive / Necurs Research
dga_00223,zuciyasovoqexo.com,necurs,3.6144,0.4706,18,True,0.985,DGArchive / Necurs Research
dga_00224,tuxarigew.org,necurs,3.3927,0.4167,13,True,0.985,DGArchive / Necurs Research
dga_00225,hogebefa.info,necurs,3.2389,0.5,13,True,0.985,DGArchive / Necurs Research
dga_00226,badoxabitu.info,necurs,3.3736,0.5,15,True,0.985,DGArchive / Necurs Research
dga_00227,vivepaxomuzed.net,necurs,3.6901,0.4375,17,True,0.985,DGArchive / Necurs Research
dga_00228,jusubumegewuq.biz,necurs,3.3816,0.4375,17,True,0.985,DGArchive / Necurs Research
dga_00229,gagugecipoyix.info,necurs,3.5305,0.4706,18,True,0.985,DGArchive / Necurs Research
dga_00230,ferekafebemim.com,necurs,3.2195,0.4375,17,True,0.985,DGArchive / Necurs Research
dga_00231,sajigajuz.cc,necurs,3.085,0.3636,12,True,0.985,DGArchive / Necurs Research
dga_00232,ricedibagu.info,necurs,3.5899,0.5,15,True,0.985,DGArchive / Necurs Research
dga_00233,cufufuriwiro.com,necurs,3.0778,0.4667,16,True,0.985,DGArchive / Necurs Research
dga_00234,pewoteru.org,necurs,3.085,0.4545,12,True,0.985,DGArchive / Necurs Research
dga_00235,hopayuninavox.top,necurs,3.4548,0.4375,17,True,0.985,DGArchive / Necurs Research
dga_00236,bimaxahowaxosa.org,necurs,3.3502,0.4706,18,True,0.985,DGArchive / Necurs Research
dga_00237,kofuwubofoqada.org,necurs,3.3921,0.4706,18,True,0.985,DGArchive / Necurs Research
dga_00238,yimidafu.org,necurs,3.4183,0.4545,12,True,0.985,DGArchive / Necurs Research
dga_00239,vikijuci.cc,necurs,2.5949,0.4,11,True,0.985,DGArchive / Necurs Research
dga_00240,loneditilixar.org,necurs,3.4548,0.4375,17,True,0.985,DGArchive / Necurs Research
dga_00241,suyufusecofogu.org,necurs,3.128,0.4706,18,True,0.985,DGArchive / Necurs Research
dga_00242,vaxivifoh.top,necurs,3.2389,0.4167,13,True,0.985,DGArchive / Necurs Research
dga_00243,feyaqole.info,necurs,3.2389,0.5,13,True,0.985,DGArchive / Necurs Research
dga_00244,quzigilodonu.com,necurs,3.4528,0.4667,16,True,0.985,DGArchive / Necurs Research
dga_00245,koluviqa.com,necurs,3.4183,0.4545,12,True,0.985,DGArchive / Necurs Research
dga_00246,hefapume.cc,necurs,3.0958,0.4,11,True,0.985,DGArchive / Necurs Research
dga_00247,zapavojavayelo.biz,necurs,3.3921,0.4706,18,True,0.985,DGArchive / Necurs Research
dga_00248,tasuhovowayeno.net,necurs,3.4613,0.4706,18,True,0.985,DGArchive / Necurs Research
dga_00249,najiquxacayal.net,necurs,3.4992,0.4375,17,True,0.985,DGArchive / Necurs Research
dga_00250,rawajepuweta.biz,necurs,3.4528,0.4667,16,True,0.985,DGArchive / Necurs Research
dga_00251,daresefubecik.top,necurs,3.8078,0.4375,17,True,0.985,DGArchive / Necurs Research
dga_00252,kolonilowuvu.info,necurs,3.1463,0.5,17,True,0.985,DGArchive / Necurs Research
dga_00253,gucuqohovuqe.biz,necurs,3.4528,0.4667,16,True,0.985,DGArchive / Necurs Research
dga_00254,caxukokudu.org,necurs,3.182,0.4615,14,True,0.985,DGArchive / Necurs Research
dga_00255,mojohudahiran.net,necurs,3.6169,0.4375,17,True,0.985,DGArchive / Necurs Research
dga_00256,sutisotocuduni.net,necurs,3.1972,0.4706,18,True,0.985,DGArchive / Necurs Research
dga_00257,halokadok.net,necurs,3.2389,0.4167,13,True,0.985,DGArchive / Necurs Research
dga_00258,vasaceqezokupi.cc,necurs,3.5725,0.4375,17,True,0.985,DGArchive / Necurs Research
dga_00259,laviqehun.biz,necurs,3.5466,0.4167,13,True,0.985,DGArchive / Necurs Research
dga_00260,zixihunot.org,necurs,3.3927,0.4167,13,True,0.985,DGArchive / Necurs Research
dga_00261,zasojucu.net,necurs,3.4183,0.4545,12,True,0.985,DGArchive / Necurs Research
dga_00262,wukezofutol.info,necurs,3.4528,0.4667,16,True,0.985,DGArchive / Necurs Research
dga_00263,zonavuyani.top,necurs,3.3788,0.4615,14,True,0.985,DGArchive / Necurs Research
dga_00264,vuhumufil.org,necurs,3.3347,0.4167,13,True,0.985,DGArchive / Necurs Research
dga_00265,gomimoyel.top,necurs,3.1808,0.4167,13,True,0.985,DGArchive / Necurs Research
dga_00266,yuyeyumebuxelo.cc,necurs,3.1307,0.4375,17,True,0.985,DGArchive / Necurs Research
dga_00267,taqacujodiguro.org,necurs,3.4613,0.4706,18,True,0.985,DGArchive / Necurs Research
dga_00268,kapofohi.info,necurs,3.027,0.5,13,True,0.985,DGArchive / Necurs Research
dga_00269,qimorutegeb.info,necurs,3.625,0.4667,16,True,0.985,DGArchive / Necurs Research
dga_00270,cefetihi.cc,necurs,2.6635,0.4,11,True,0.985,DGArchive / Necurs Research
dga_00271,nizihuva.net,necurs,3.2516,0.4545,12,True,0.985,DGArchive / Necurs Research
dga_00272,puzeguvaqaxa.com,necurs,3.5778,0.4667,16,True,0.985,DGArchive / Necurs Research
dga_00273,gipivawos.com,necurs,3.3927,0.4167,13,True,0.985,DGArchive / Necurs Research
dga_00274,gohizaror.org,necurs,2.8151,0.4167,13,True,0.985,DGArchive / Necurs Research
dga_00275,tahahevix.net,necurs,3.0851,0.4167,13,True,0.985,DGArchive / Necurs Research
dga_00276,huruxejanuwo.org,necurs,3.4528,0.4667,16,True,0.985,DGArchive / Necurs Research
dga_00277,poqeqipudem.net,necurs,3.3232,0.4286,15,True,0.985,DGArchive / Necurs Research
dga_00278,dumevulusora.org,necurs,3.4528,0.4667,16,True,0.985,DGArchive / Necurs Research
dga_00279,fofaputowowuwa.biz,necurs,3.3083,0.4706,18,True,0.985,DGArchive / Necurs Research
dga_00280,pudujini.biz,necurs,3.0221,0.4545,12,True,0.985,DGArchive / Necurs Research
dga_00281,qafoninokus.biz,necurs,3.5069,0.4286,15,True,0.985,DGArchive / Necurs Research
dga_00282,macuyecohen.info,necurs,3.5,0.4667,16,True,0.985,DGArchive / Necurs Research
dga_00283,qafapejavequv.top,necurs,3.3372,0.4375,17,True,0.985,DGArchive / Necurs Research
dga_00284,cigejixozutez.info,necurs,3.5724,0.4706,18,True,0.985,DGArchive / Necurs Research
dga_00285,nuvawunequnewe.top,necurs,3.2663,0.4706,18,True,0.985,DGArchive / Necurs Research
dga_00286,pifofocul.top,necurs,3.027,0.4167,13,True,0.985,DGArchive / Necurs Research
dga_00287,faxuvagih.net,necurs,3.5466,0.4167,13,True,0.985,DGArchive / Necurs Research
dga_00288,qiweganuguled.top,necurs,3.7345,0.4375,17,True,0.985,DGArchive / Necurs Research
dga_00289,lirewozijej.net,necurs,3.3232,0.4286,15,True,0.985,DGArchive / Necurs Research
dga_00290,cojayutudekozi.cc,necurs,3.5725,0.4375,17,True,0.985,DGArchive / Necurs Research
dga_00291,dasijozubad.biz,necurs,3.2402,0.4286,15,True,0.985,DGArchive / Necurs Research
dga_00292,yilovaca.cc,necurs,2.8454,0.4,11,True,0.985,DGArchive / Necurs Research
dga_00293,wasajujehokaf.net,necurs,3.5725,0.4375,17,True,0.985,DGArchive / Necurs Research
dga_00294,sihutavubesed.org,necurs,3.7345,0.4375,17,True,0.985,DGArchive / Necurs Research
dga_00295,worimirokiqom.com,necurs,2.9398,0.4375,17,True,0.985,DGArchive / Necurs Research
dga_00296,hawuvifece.top,necurs,3.6645,0.4615,14,True,0.985,DGArchive / Necurs Research
dga_00297,muyuniwe.cc,necurs,3.0958,0.4,11,True,0.985,DGArchive / Necurs Research
dga_00298,tubawise.org,necurs,3.585,0.4545,12,True,0.985,DGArchive / Necurs Research
dga_00299,docasucavo.top,necurs,3.182,0.4615,14,True,0.985,DGArchive / Necurs Research
dga_00300,xecuvoxitukab.com,necurs,3.6169,0.4375,17,True,0.985,DGArchive / Necurs Research
dga_00301,bankdbph.com,banjori,3.4183,0.1818,12,True,0.985,DGArchive / Banjori Research
dga_00302,bankdbphigumsn.org,banjori,3.8366,0.2353,18,True,0.985,DGArchive / Banjori Research
dga_00303,bankdbphigumsn.info,banjori,3.7871,0.2778,19,True,0.985,DGArchive / Banjori Research
dga_00304,bankdbphigumsn.net,banjori,3.7947,0.2353,18,True,0.985,DGArchive / Banjori Research
dga_00305,bankdbphigumsn.com,banjori,3.8366,0.2353,18,True,0.985,DGArchive / Banjori Research
dga_00306,bankdbphigumsn.org,banjori,3.8366,0.2353,18,True,0.985,DGArchive / Banjori Research
dga_00307,bankdbphigumsn.info,banjori,3.7871,0.2778,19,True,0.985,DGArchive / Banjori Research
dga_00308,bankdbphigumsn.net,banjori,3.7947,0.2353,18,True,0.985,DGArchive / Banjori Research
dga_00309,bankdbphigumsn.com,banjori,3.8366,0.2353,18,True,0.985,DGArchive / Banjori Research
dga_00310,bankdbphigumsn.org,banjori,3.8366,0.2353,18,True,0.985,DGArchive / Banjori Research
dga_00311,bankdbphigumsn.info,banjori,3.7871,0.2778,19,True,0.985,DGArchive / Banjori Research
dga_00312,bankdbphigumsn.net,banjori,3.7947,0.2353,18,True,0.985,DGArchive / Banjori Research
dga_00313,bankdbphigumsn.com,banjori,3.8366,0.2353,18,True,0.985,DGArchive / Banjori Research
dga_00314,bankdbphigumsn.org,banjori,3.8366,0.2353,18,True,0.985,DGArchive / Banjori Research
dga_00315,bankdbphigumsn.info,banjori,3.7871,0.2778,19,True,0.985,DGArchive / Banjori Research
dga_00316,bankdbphigumsn.net,banjori,3.7947,0.2353,18,True,0.985,DGArchive / Banjori Research
dga_00317,bankdbphigumsn.com,banjori,3.8366,0.2353,18,True,0.985,DGArchive / Banjori Research
dga_00318,bankdbphigumsn.org,banjori,3.8366,0.2353,18,True,0.985,DGArchive / Banjori Research
dga_00319,bankdbphigumsn.info,banjori,3.7871,0.2778,19,True,0.985,DGArchive / Banjori Research
dga_00320,bankdbphigumsn.net,banjori,3.7947,0.2353,18,True,0.985,DGArchive / Banjori Research
dga_00321,bankdbphigumsn.com,banjori,3.8366,0.2353,18,True,0.985,DGArchive / Banjori Research
dga_00322,bankdbphigumsn.org,banjori,3.8366,0.2353,18,True,0.985,DGArchive / Banjori Research
dga_00323,bankdbphigumsn.info,banjori,3.7871,0.2778,19,True,0.985,DGArchive / Banjori Research
dga_00324,bankdbphigumsn.net,banjori,3.7947,0.2353,18,True,0.985,DGArchive / Banjori Research
dga_00325,bankdbphigumsn.com,banjori,3.8366,0.2353,18,True,0.985,DGArchive / Banjori Research
dga_00326,bankdbphigumsn.org,banjori,3.8366,0.2353,18,True,0.985,DGArchive / Banjori Research
dga_00327,bankdbphigumsn.info,banjori,3.7871,0.2778,19,True,0.985,DGArchive / Banjori Research
dga_00328,bankdbphigumsn.net,banjori,3.7947,0.2353,18,True,0.985,DGArchive / Banjori Research
dga_00329,bankdbphigumsn.com,banjori,3.8366,0.2353,18,True,0.985,DGArchive / Banjori Research
dga_00330,bankdbphigumsn.org,banjori,3.8366,0.2353,18,True,0.985,DGArchive / Banjori Research
dga_00331,bankdbphigumsn.info,banjori,3.7871,0.2778,19,True,0.985,DGArchive / Banjori Research
dga_00332,bankdbphigumsn.net,banjori,3.7947,0.2353,18,True,0.985,DGArchive / Banjori Research
dga_00333,bankdbphigumsn.com,banjori,3.8366,0.2353,18,True,0.985,DGArchive / Banjori Research
dga_00334,bankdbphigumsn.org,banjori,3.8366,0.2353,18,True,0.985,DGArchive / Banjori Research
dga_00335,bankdbphigumsn.info,banjori,3.7871,0.2778,19,True,0.985,DGArchive / Banjori Research
dga_00336,bankdbphigumsn.net,banjori,3.7947,0.2353,18,True,0.985,DGArchive / Banjori Research
dga_00337,bankdbphigumsn.com,banjori,3.8366,0.2353,18,True,0.985,DGArchive / Banjori Research
dga_00338,bankdbphigumsn.org,banjori,3.8366,0.2353,18,True,0.985,DGArchive / Banjori Research
dga_00339,bankdbphigumsn.info,banjori,3.7871,0.2778,19,True,0.985,DGArchive / Banjori Research
dga_00340,bankdbphigumsn.net,banjori,3.7947,0.2353,18,True,0.985,DGArchive / Banjori Research
dga_00341,bankdbphigumsn.com,banjori,3.8366,0.2353,18,True,0.985,DGArchive / Banjori Research
dga_00342,bankdbphigumsn.org,banjori,3.8366,0.2353,18,True,0.985,DGArchive / Banjori Research
dga_00343,bankdbphigumsn.info,banjori,3.7871,0.2778,19,True,0.985,DGArchive / Banjori Research
dga_00344,bankdbphigumsn.net,banjori,3.7947,0.2353,18,True,0.985,DGArchive / Banjori Research
dga_00345,bankdbphigumsn.com,banjori,3.8366,0.2353,18,True,0.985,DGArchive / Banjori Research
dga_00346,bankdbphigumsn.org,banjori,3.8366,0.2353,18,True,0.985,DGArchive / Banjori Research
dga_00347,bankdbphigumsn.info,banjori,3.7871,0.2778,19,True,0.985,DGArchive / Banjori Research
dga_00348,bankdbphigumsn.net,banjori,3.7947,0.2353,18,True,0.985,DGArchive / Banjori Research
dga_00349,bankdbphigumsn.com,banjori,3.8366,0.2353,18,True,0.985,DGArchive / Banjori Research
dga_00350,bankdbphigumsn.org,banjori,3.8366,0.2353,18,True,0.985,DGArchive / Banjori Research
dga_00351,bankdbphigumsn.info,banjori,3.7871,0.2778,19,True,0.985,DGArchive / Banjori Research
dga_00352,bankdbphigumsn.net,banjori,3.7947,0.2353,18,True,0.985,DGArchive / Banjori Research
dga_00353,bankdbphigumsn.com,banjori,3.8366,0.2353,18,True,0.985,DGArchive / Banjori Research
dga_00354,bankdbphigumsn.org,banjori,3.8366,0.2353,18,True,0.985,DGArchive / Banjori Research
dga_00355,bankdbphigumsn.info,banjori,3.7871,0.2778,19,True,0.985,DGArchive / Banjori Research
dga_00356,bankdbphigumsn.net,banjori,3.7947,0.2353,18,True,0.985,DGArchive / Banjori Research
dga_00357,bankdbphigumsn.com,banjori,3.8366,0.2353,18,True,0.985,DGArchive / Banjori Research
dga_00358,bankdbphigumsn.org,banjori,3.8366,0.2353,18,True,0.985,DGArchive / Banjori Research
dga_00359,bankdbphigumsn.info,banjori,3.7871,0.2778,19,True,0.985,DGArchive / Banjori Research
dga_00360,bankdbphigumsn.net,banjori,3.7947,0.2353,18,True,0.985,DGArchive / Banjori Research
dga_00361,bankdbphigumsn.com,banjori,3.8366,0.2353,18,True,0.985,DGArchive / Banjori Research
dga_00362,bankdbphigumsn.org,banjori,3.8366,0.2353,18,True,0.985,DGArchive / Banjori Research
dga_00363,bankdbphigumsn.info,banjori,3.7871,0.2778,19,True,0.985,DGArchive / Banjori Research
dga_00364,bankdbphigumsn.net,banjori,3.7947,0.2353,18,True,0.985,DGArchive / Banjori Research
dga_00365,bankdbphigumsn.com,banjori,3.8366,0.2353,18,True,0.985,DGArchive / Banjori Research
dga_00366,bankdbphigumsn.org,banjori,3.8366,0.2353,18,True,0.985,DGArchive / Banjori Research
dga_00367,bankdbphigumsn.info,banjori,3.7871,0.2778,19,True,0.985,DGArchive / Banjori Research
dga_00368,bankdbphigumsn.net,banjori,3.7947,0.2353,18,True,0.985,DGArchive / Banjori Research
dga_00369,bankdbphigumsn.com,banjori,3.8366,0.2353,18,True,0.985,DGArchive / Banjori Research
dga_00370,bankdbphigumsn.org,banjori,3.8366,0.2353,18,True,0.985,DGArchive / Banjori Research
dga_00371,bankdbphigumsn.info,banjori,3.7871,0.2778,19,True,0.985,DGArchive / Banjori Research
dga_00372,bankdbphigumsn.net,banjori,3.7947,0.2353,18,True,0.985,DGArchive / Banjori Research
dga_00373,bankdbphigumsn.com,banjori,3.8366,0.2353,18,True,0.985,DGArchive / Banjori Research
dga_00374,bankdbphigumsn.org,banjori,3.8366,0.2353,18,True,0.985,DGArchive / Banjori Research
dga_00375,bankdbphigumsn.info,banjori,3.7871,0.2778,19,True,0.985,DGArchive / Banjori Research
dga_00376,bankdbphigumsn.net,banjori,3.7947,0.2353,18,True,0.985,DGArchive / Banjori Research
dga_00377,bankdbphigumsn.com,banjori,3.8366,0.2353,18,True,0.985,DGArchive / Banjori Research
dga_00378,bankdbphigumsn.org,banjori,3.8366,0.2353,18,True,0.985,DGArchive / Banjori Research
dga_00379,bankdbphigumsn.info,banjori,3.7871,0.2778,19,True,0.985,DGArchive / Banjori Research
dga_00380,bankdbphigumsn.net,banjori,3.7947,0.2353,18,True,0.985,DGArchive / Banjori Research
dga_00381,bankdbphigumsn.com,banjori,3.8366,0.2353,18,True,0.985,DGArchive / Banjori Research
dga_00382,bankdbphigumsn.org,banjori,3.8366,0.2353,18,True,0.985,DGArchive / Banjori Research
dga_00383,bankdbphigumsn.info,banjori,3.7871,0.2778,19,True,0.985,DGArchive / Banjori Research
dga_00384,bankdbphigumsn.net,banjori,3.7947,0.2353,18,True,0.985,DGArchive / Banjori Research
dga_00385,bankdbphigumsn.com,banjori,3.8366,0.2353,18,True,0.985,DGArchive / Banjori Research
dga_00386,bankdbphigumsn.org,banjori,3.8366,0.2353,18,True,0.985,DGArchive / Banjori Research
dga_00387,bankdbphigumsn.info,banjori,3.7871,0.2778,19,True,0.985,DGArchive / Banjori Research
dga_00388,bankdbphigumsn.net,banjori,3.7947,0.2353,18,True,0.985,DGArchive / Banjori Research
dga_00389,bankdbphigumsn.com,banjori,3.8366,0.2353,18,True,0.985,DGArchive / Banjori Research
dga_00390,bankdbphigumsn.org,banjori,3.8366,0.2353,18,True,0.985,DGArchive / Banjori Research
dga_00391,bankdbphigumsn.info,banjori,3.7871,0.2778,19,True,0.985,DGArchive / Banjori Research
dga_00392,bankdbphigumsn.net,banjori,3.7947,0.2353,18,True,0.985,DGArchive / Banjori Research
dga_00393,bankdbphigumsn.com,banjori,3.8366,0.2353,18,True,0.985,DGArchive / Banjori Research
dga_00394,bankdbphigumsn.org,banjori,3.8366,0.2353,18,True,0.985,DGArchive / Banjori Research
dga_00395,bankdbphigumsn.info,banjori,3.7871,0.2778,19,True,0.985,DGArchive / Banjori Research
dga_00396,bankdbphigumsn.net,banjori,3.7947,0.2353,18,True,0.985,DGArchive / Banjori Research
dga_00397,bankdbphigumsn.com,banjori,3.8366,0.2353,18,True,0.985,DGArchive / Banjori Research
dga_00398,bankdbphigumsn.org,banjori,3.8366,0.2353,18,True,0.985,DGArchive / Banjori Research
dga_00399,bankdbphigumsn.info,banjori,3.7871,0.2778,19,True,0.985,DGArchive / Banjori Research
dga_00400,bankdbphigumsn.net,banjori,3.7947,0.2353,18,True,0.985,DGArchive / Banjori Research
dga_00401,bankdbphigumsn.com,banjori,3.8366,0.2353,18,True,0.985,DGArchive / Banjori Research
dga_00402,bankdbphigumsn.org,banjori,3.8366,0.2353,18,True,0.985,DGArchive / Banjori Research
dga_00403,bankdbphigumsn.info,banjori,3.7871,0.2778,19,True,0.985,DGArchive / Banjori Research
dga_00404,bankdbphigumsn.net,banjori,3.7947,0.2353,18,True,0.985,DGArchive / Banjori Research
dga_00405,bankdbphigumsn.com,banjori,3.8366,0.2353,18,True,0.985,DGArchive / Banjori Research
dga_00406,bankdbphigumsn.org,banjori,3.8366,0.2353,18,True,0.985,DGArchive / Banjori Research
dga_00407,bankdbphigumsn.info,banjori,3.7871,0.2778,19,True,0.985,DGArchive / Banjori Research
dga_00408,bankdbphigumsn.net,banjori,3.7947,0.2353,18,True,0.985,DGArchive / Banjori Research
dga_00409,bankdbphigumsn.com,banjori,3.8366,0.2353,18,True,0.985,DGArchive / Banjori Research
dga_00410,bankdbphigumsn.org,banjori,3.8366,0.2353,18,True,0.985,DGArchive / Banjori Research
dga_00411,bankdbphigumsn.info,banjori,3.7871,0.2778,19,True,0.985,DGArchive / Banjori Research
dga_00412,bankdbphigumsn.net,banjori,3.7947,0.2353,18,True,0.985,DGArchive / Banjori Research
dga_00413,bankdbphigumsn.com,banjori,3.8366,0.2353,18,True,0.985,DGArchive / Banjori Research
dga_00414,bankdbphigumsn.org,banjori,3.8366,0.2353,18,True,0.985,DGArchive / Banjori Research
dga_00415,bankdbphigumsn.info,banjori,3.7871,0.2778,19,True,0.985,DGArchive / Banjori Research
dga_00416,bankdbphigumsn.net,banjori,3.7947,0.2353,18,True,0.985,DGArchive / Banjori Research
dga_00417,bankdbphigumsn.com,banjori,3.8366,0.2353,18,True,0.985,DGArchive / Banjori Research
dga_00418,bankdbphigumsn.org,banjori,3.8366,0.2353,18,True,0.985,DGArchive / Banjori Research
dga_00419,bankdbphigumsn.info,banjori,3.7871,0.2778,19,True,0.985,DGArchive / Banjori Research
dga_00420,bankdbphigumsn.net,banjori,3.7947,0.2353,18,True,0.985,DGArchive / Banjori Research
dga_00421,bankdbphigumsn.com,banjori,3.8366,0.2353,18,True,0.985,DGArchive / Banjori Research
dga_00422,bankdbphigumsn.org,banjori,3.8366,0.2353,18,True,0.985,DGArchive / Banjori Research
dga_00423,bankdbphigumsn.info,banjori,3.7871,0.2778,19,True,0.985,DGArchive / Banjori Research
dga_00424,bankdbphigumsn.net,banjori,3.7947,0.2353,18,True,0.985,DGArchive / Banjori Research
dga_00425,bankdbphigumsn.com,banjori,3.8366,0.2353,18,True,0.985,DGArchive / Banjori Research
dga_00426,bankdbphigumsn.org,banjori,3.8366,0.2353,18,True,0.985,DGArchive / Banjori Research
dga_00427,bankdbphigumsn.info,banjori,3.7871,0.2778,19,True,0.985,DGArchive / Banjori Research
dga_00428,bankdbphigumsn.net,banjori,3.7947,0.2353,18,True,0.985,DGArchive / Banjori Research
dga_00429,bankdbphigumsn.com,banjori,3.8366,0.2353,18,True,0.985,DGArchive / Banjori Research
dga_00430,bankdbphigumsn.org,banjori,3.8366,0.2353,18,True,0.985,DGArchive / Banjori Research
dga_00431,bankdbphigumsn.info,banjori,3.7871,0.2778,19,True,0.985,DGArchive / Banjori Research
dga_00432,bankdbphigumsn.net,banjori,3.7947,0.2353,18,True,0.985,DGArchive / Banjori Research
dga_00433,bankdbphigumsn.com,banjori,3.8366,0.2353,18,True,0.985,DGArchive / Banjori Research
dga_00434,bankdbphigumsn.org,banjori,3.8366,0.2353,18,True,0.985,DGArchive / Banjori Research
dga_00435,bankdbphigumsn.info,banjori,3.7871,0.2778,19,True,0.985,DGArchive / Banjori Research
dga_00436,bankdbphigumsn.net,banjori,3.7947,0.2353,18,True,0.985,DGArchive / Banjori Research
dga_00437,bankdbphigumsn.com,banjori,3.8366,0.2353,18,True,0.985,DGArchive / Banjori Research
dga_00438,bankdbphigumsn.org,banjori,3.8366,0.2353,18,True,0.985,DGArchive / Banjori Research
dga_00439,bankdbphigumsn.info,banjori,3.7871,0.2778,19,True,0.985,DGArchive / Banjori Research
dga_00440,bankdbphigumsn.net,banjori,3.7947,0.2353,18,True,0.985,DGArchive / Banjori Research
dga_00441,bankdbphigumsn.com,banjori,3.8366,0.2353,18,True,0.985,DGArchive / Banjori Research
dga_00442,bankdbphigumsn.org,banjori,3.8366,0.2353,18,True,0.985,DGArchive / Banjori Research
dga_00443,bankdbphigumsn.info,banjori,3.7871,0.2778,19,True,0.985,DGArchive / Banjori Research
dga_00444,bankdbphigumsn.net,banjori,3.7947,0.2353,18,True,0.985,DGArchive / Banjori Research
dga_00445,bankdbphigumsn.com,banjori,3.8366,0.2353,18,True,0.985,DGArchive / Banjori Research
dga_00446,bankdbphigumsn.org,banjori,3.8366,0.2353,18,True,0.985,DGArchive / Banjori Research
dga_00447,bankdbphigumsn.info,banjori,3.7871,0.2778,19,True,0.985,DGArchive / Banjori Research
dga_00448,bankdbphigumsn.net,banjori,3.7947,0.2353,18,True,0.985,DGArchive / Banjori Research
dga_00449,bankdbphigumsn.com,banjori,3.8366,0.2353,18,True,0.985,DGArchive / Banjori Research
dga_00450,bankdbphigumsn.org,banjori,3.8366,0.2353,18,True,0.985,DGArchive / Banjori Research
dga_00451,proxystream98.org,suppobox,3.6901,0.2857,17,True,0.985,DGArchive / Suppobox Research
dga_00452,packetstream58.net,suppobox,3.5305,0.3333,18,True,0.985,DGArchive / Suppobox Research
dga_00453,systemsecure94.net,suppobox,3.3502,0.3333,18,True,0.985,DGArchive / Suppobox Research
dga_00454,daemonsocket61.net,suppobox,3.5724,0.4,18,True,0.985,DGArchive / Suppobox Research
dga_00455,globaltunnel61.net,suppobox,3.4194,0.3333,18,True,0.985,DGArchive / Suppobox Research
dga_00456,beaconaccess51.info,suppobox,3.4714,0.4375,19,True,0.985,DGArchive / Suppobox Research
dga_00457,serviceproxy77.org,suppobox,3.5724,0.3333,18,True,0.985,DGArchive / Suppobox Research
dga_00458,secureportal70.org,suppobox,3.6835,0.4,18,True,0.985,DGArchive / Suppobox Research
dga_00459,vectorcrypto57.net,suppobox,3.4613,0.2667,18,True,0.985,DGArchive / Suppobox Research
dga_00460,matrixagent12.org,suppobox,3.6169,0.3571,17,True,0.985,DGArchive / Suppobox Research
dga_00461,accessagent58.info,suppobox,3.6144,0.4,18,True,0.985,DGArchive / Suppobox Research
dga_00462,streamservice8.info,suppobox,3.6819,0.4118,19,True,0.985,DGArchive / Suppobox Research
dga_00463,targethost79.com,suppobox,3.5778,0.3077,16,True,0.985,DGArchive / Suppobox Research
dga_00464,networkshield70.com,suppobox,4.0374,0.3125,19,True,0.985,DGArchive / Suppobox Research
dga_00465,moduleupdate84.org,suppobox,3.7255,0.4667,18,True,0.985,DGArchive / Suppobox Research
dga_00466,hostpacket75.org,suppobox,3.75,0.3077,16,True,0.985,DGArchive / Suppobox Research
dga_00467,proxytarget37.info,suppobox,3.8366,0.3333,18,True,0.985,DGArchive / Suppobox Research
dga_00468,packetglobal10.org,suppobox,3.7255,0.3333,18,True,0.985,DGArchive / Suppobox Research
dga_00469,systemvector18.info,suppobox,3.8269,0.3125,19,True,0.985,DGArchive / Suppobox Research
dga_00470,daemonsource99.net,suppobox,3.5724,0.4667,18,True,0.985,DGArchive / Suppobox Research
dga_00471,globalagent8.org,suppobox,3.3278,0.3571,16,True,0.985,DGArchive / Suppobox Research
dga_00472,beaconstream82.net,suppobox,3.5724,0.4,18,True,0.985,DGArchive / Suppobox Research
dga_00473,servicematrix30.com,suppobox,3.7216,0.375,19,True,0.985,DGArchive / Suppobox Research
dga_00474,securecloud24.com,suppobox,3.4548,0.4286,17,True,0.985,DGArchive / Suppobox Research
dga_00475,vectorportal8.org,suppobox,3.4104,0.3333,17,True,0.985,DGArchive / Suppobox Research
dga_00476,matrixupdate88.com,suppobox,3.7255,0.4,18,True,0.985,DGArchive / Suppobox Research
dga_00477,accessserver39.org,suppobox,3.2663,0.3333,18,True,0.985,DGArchive / Suppobox Research
dga_00478,streamsecure38.net,suppobox,3.3921,0.4,18,True,0.985,DGArchive / Suppobox Research
dga_00479,targetproxy69.info,suppobox,3.8366,0.3333,18,True,0.985,DGArchive / Suppobox Research
dga_00480,networkagent2.org,suppobox,3.3816,0.3333,17,True,0.985,DGArchive / Suppobox Research
dga_00481,modulepacket40.com,suppobox,3.7255,0.4,18,True,0.985,DGArchive / Suppobox Research
dga_00482,hostaccess49.com,suppobox,3.2806,0.3077,16,True,0.985,DGArchive / Suppobox Research
dga_00483,proxybeacon67.com,suppobox,3.6901,0.3571,17,True,0.985,DGArchive / Suppobox Research
dga_00484,packetbeacon61.org,suppobox,3.7255,0.4,18,True,0.985,DGArchive / Suppobox Research
dga_00485,systempacket71.org,suppobox,3.8366,0.2667,18,True,0.985,DGArchive / Suppobox Research
dga_00486,daemonclient80.org,suppobox,3.8366,0.4,18,True,0.985,DGArchive / Suppobox Research
dga_00487,globalserver71.net,suppobox,3.6835,0.3333,18,True,0.985,DGArchive / Suppobox Research
dga_00488,beaconglobal94.org,suppobox,3.4613,0.4,18,True,0.985,DGArchive / Suppobox Research
dga_00489,serviceaccess35.net,suppobox,3.3264,0.375,19,True,0.985,DGArchive / Suppobox Research
dga_00490,securetunnel49.net,suppobox,3.2391,0.4,18,True,0.985,DGArchive / Suppobox Research
dga_00491,vectorcontrol99.com,suppobox,3.2608,0.3125,19,True,0.985,DGArchive / Suppobox Research
dga_00492,matrixsocket83.com,suppobox,3.7255,0.3333,18,True,0.985,DGArchive / Suppobox Research
dga_00493,accesssocket51.org,suppobox,3.4194,0.3333,18,True,0.985,DGArchive / Suppobox Research
dga_00494,streamproxy11.org,suppobox,3.5725,0.2857,17,True,0.985,DGArchive / Suppobox Research
dga_00495,targetmatrix8.org,suppobox,3.2928,0.3333,17,True,0.985,DGArchive / Suppobox Research
dga_00496,networkupdate10.net,suppobox,3.6421,0.375,19,True,0.985,DGArchive / Suppobox Research
dga_00497,modulesource89.com,suppobox,3.4613,0.4667,18,True,0.985,DGArchive / Suppobox Research
dga_00498,hoststream10.org,suppobox,3.5,0.3077,16,True,0.985,DGArchive / Suppobox Research
dga_00499,proxyservice86.net,suppobox,3.7947,0.3333,18,True,0.985,DGArchive / Suppobox Research
dga_00500,packetmodule29.org,suppobox,3.9477,0.4,18,True,0.985,DGArchive / Suppobox Research
dga_00501,systemsystem80.org,suppobox,3.281,0.2,18,True,0.985,DGArchive / Suppobox Research
dga_00502,daemonportal94.com,suppobox,3.6835,0.4,18,True,0.985,DGArchive / Suppobox Research
dga_00503,globalsocket57.info,suppobox,3.8924,0.375,19,True,0.985,DGArchive / Suppobox Research
dga_00504,beaconbeacon29.com,suppobox,3.1972,0.4667,18,True,0.985,DGArchive / Suppobox Research
dga_00505,servicedaemon19.com,suppobox,3.6819,0.4375,19,True,0.985,DGArchive / Suppobox Research
dga_00506,securedriver11.com,suppobox,3.4194,0.4,18,True,0.985,DGArchive / Suppobox Research
dga_00507,vectortunnel61.net,suppobox,3.3774,0.3333,18,True,0.985,DGArchive / Suppobox Research
dga_00508,matrixsource3.org,suppobox,3.6901,0.4,17,True,0.985,DGArchive / Suppobox Research
dga_00509,accessdirect36.info,suppobox,3.6819,0.375,19,True,0.985,DGArchive / Suppobox Research
dga_00510,streampacket97.com,suppobox,3.6144,0.3333,18,True,0.985,DGArchive / Suppobox Research
dga_00511,targetaccess27.com,suppobox,3.4613,0.3333,18,True,0.985,DGArchive / Suppobox Research
dga_00512,networksocket97.info,suppobox,3.6842,0.3529,20,True,0.985,DGArchive / Suppobox Research
dga_00513,modulecrypto41.org,suppobox,3.7947,0.3333,18,True,0.985,DGArchive / Suppobox Research
dga_00514,hostglobal76.info,suppobox,3.6901,0.3571,17,True,0.985,DGArchive / Suppobox Research
dga_00515,proxyhost85.com,suppobox,3.5899,0.25,15,True,0.985,DGArchive / Suppobox Research
dga_00516,packethost77.net,suppobox,3.4528,0.3077,16,True,0.985,DGArchive / Suppobox Research
dga_00517,systemstream72.net,suppobox,3.2663,0.2667,18,True,0.985,DGArchive / Suppobox Research
dga_00518,daemoncloud96.net,suppobox,3.6169,0.4286,17,True,0.985,DGArchive / Suppobox Research
dga_00519,globaldirect48.net,suppobox,3.8366,0.3333,18,True,0.985,DGArchive / Suppobox Research
dga_00520,beaconmodule93.net,suppobox,3.6835,0.4667,18,True,0.985,DGArchive / Suppobox Research
dga_00521,serviceglobal72.info,suppobox,3.9219,0.4118,20,True,0.985,DGArchive / Suppobox Research
dga_00522,secureserver17.info,suppobox,3.4714,0.4375,19,True,0.985,DGArchive / Suppobox Research
dga_00523,vectoragent40.com,suppobox,3.6169,0.3571,17,True,0.985,DGArchive / Suppobox Research
dga_00524,matrixclient78.net,suppobox,3.5724,0.3333,18,True,0.985,DGArchive / Suppobox Research
dga_00525,accessclient32.com,suppobox,3.5033,0.3333,18,True,0.985,DGArchive / Suppobox Research
dga_00526,streamaccess15.com,suppobox,3.3083,0.3333,18,True,0.985,DGArchive / Suppobox Research
dga_00527,targetdaemon77.org,suppobox,3.3921,0.4,18,True,0.985,DGArchive / Suppobox Research
dga_00528,networksource73.net,suppobox,3.5766,0.375,19,True,0.985,DGArchive / Suppobox Research
dga_00529,moduleportal86.net,suppobox,3.7255,0.4,18,True,0.985,DGArchive / Suppobox Research
dga_00530,hostbeacon53.com,suppobox,3.5778,0.3846,16,True,0.985,DGArchive / Suppobox Research
dga_00531,proxyproxy67.org,suppobox,3.0306,0.2308,16,True,0.985,DGArchive / Suppobox Research
dga_00532,packetvector32.org,suppobox,3.6144,0.3333,18,True,0.985,DGArchive / Suppobox Research
dga_00533,systemtarget61.org,suppobox,3.4613,0.2667,18,True,0.985,DGArchive / Suppobox Research
dga_00534,daemontunnel61.com,suppobox,3.5724,0.4,18,True,0.985,DGArchive / Suppobox Research
dga_00535,globalclient58.com,suppobox,3.6835,0.3333,18,True,0.985,DGArchive / Suppobox Research
dga_00536,beaconhost25.com,suppobox,3.5778,0.3846,16,True,0.985,DGArchive / Suppobox Research
dga_00537,servicenetwork4.com,suppobox,3.6819,0.3529,19,True,0.985,DGArchive / Suppobox Research
dga_00538,securepacket2.org,suppobox,3.5725,0.4,17,True,0.985,DGArchive / Suppobox Research
dga_00539,vectorserver75.info,suppobox,3.5369,0.375,19,True,0.985,DGArchive / Suppobox Research
dga_00540,matrixportal10.info,suppobox,3.7216,0.375,19,True,0.985,DGArchive / Suppobox Research
dga_00541,accesskernel33.info,suppobox,3.5766,0.375,19,True,0.985,DGArchive / Suppobox Research
dga_00542,streamstream36.info,suppobox,3.6163,0.375,19,True,0.985,DGArchive / Suppobox Research
dga_00543,targetglobal84.net,suppobox,3.4613,0.3333,18,True,0.985,DGArchive / Suppobox Research
dga_00544,networkclient36.com,suppobox,3.7216,0.3125,19,True,0.985,DGArchive / Suppobox Research
dga_00545,modulecontrol19.info,suppobox,3.7219,0.4118,20,True,0.985,DGArchive / Suppobox Research
dga_00546,hostmodule47.com,suppobox,3.5778,0.3846,16,True,0.985,DGArchive / Suppobox Research
dga_00547,proxymatrix2.net,suppobox,3.625,0.2857,16,True,0.985,DGArchive / Suppobox Research
dga_00548,packetmatrix40.org,suppobox,3.8366,0.3333,18,True,0.985,DGArchive / Suppobox Research
dga_00549,systembeacon89.com,suppobox,3.6144,0.3333,18,True,0.985,DGArchive / Suppobox Research
dga_00550,daemondriver35.org,suppobox,3.5724,0.4,18,True,0.985,DGArchive / Suppobox Research
dga_00551,globalkernel61.net,suppobox,3.5305,0.3333,18,True,0.985,DGArchive / Suppobox Research
dga_00552,beaconvector56.info,suppobox,3.6819,0.4375,19,True,0.985,DGArchive / Suppobox Research
dga_00553,servicemodule73.com,suppobox,3.6819,0.4375,19,True,0.985,DGArchive / Suppobox Research
dga_00554,securedirect80.org,suppobox,3.5305,0.4,18,True,0.985,DGArchive / Suppobox Research
dga_00555,vectorsocket85.com,suppobox,3.4194,0.3333,18,True,0.985,DGArchive / Suppobox Research
dga_00556,matrixcloud10.info,suppobox,3.9477,0.4,18,True,0.985,DGArchive / Suppobox Research
dga_00557,accesscloud62.info,suppobox,3.6835,0.4,18,True,0.985,DGArchive / Suppobox Research
dga_00558,streamglobal38.com,suppobox,3.7255,0.3333,18,True,0.985,DGArchive / Suppobox Research
dga_00559,targetnetwork74.info,suppobox,3.6842,0.3529,20,True,0.985,DGArchive / Suppobox Research
dga_00560,networkportal60.info,suppobox,3.7842,0.3529,20,True,0.985,DGArchive / Suppobox Research
dga_00561,moduletunnel27.info,suppobox,3.5766,0.4375,19,True,0.985,DGArchive / Suppobox Research
dga_00562,hosthost5.com,suppobox,2.8731,0.2727,13,True,0.985,DGArchive / Suppobox Research
dga_00563,proxyaccess69.info,suppobox,3.8366,0.3333,18,True,0.985,DGArchive / Suppobox Research
dga_00564,packetsystem8.org,suppobox,3.7345,0.2667,17,True,0.985,DGArchive / Suppobox Research
dga_00565,systemservice22.com,suppobox,3.4316,0.3125,19,True,0.985,DGArchive / Suppobox Research
dga_00566,daemonserver65.com,suppobox,3.5724,0.4,18,True,0.985,DGArchive / Suppobox Research
dga_00567,globalcloud16.info,suppobox,3.6416,0.4,18,True,0.985,DGArchive / Suppobox Research
dga_00568,beaconmatrix60.org,suppobox,3.8366,0.4,18,True,0.985,DGArchive / Suppobox Research
dga_00569,servicesecure90.com,suppobox,3.3661,0.4375,19,True,0.985,DGArchive / Suppobox Research
dga_00570,securecrypto57.info,suppobox,3.8269,0.375,19,True,0.985,DGArchive / Suppobox Research
dga_00571,vectordirect20.com,suppobox,3.4613,0.3333,18,True,0.985,DGArchive / Suppobox Research
dga_00572,matrixtunnel73.net,suppobox,3.5305,0.3333,18,True,0.985,DGArchive / Suppobox Research
dga_00573,accessshield10.net,suppobox,3.5305,0.3333,18,True,0.985,DGArchive / Suppobox Research
dga_00574,streambeacon79.net,suppobox,3.5724,0.4,18,True,0.985,DGArchive / Suppobox Research
dga_00575,targetmodule81.info,suppobox,3.9321,0.4375,19,True,0.985,DGArchive / Suppobox Research
dga_00576,networkcloud56.org,suppobox,3.7947,0.3333,18,True,0.985,DGArchive / Suppobox Research
dga_00577,moduleagent76.net,suppobox,3.5725,0.4286,17,True,0.985,DGArchive / Suppobox Research
dga_00578,hostvector66.org,suppobox,3.3278,0.3077,16,True,0.985,DGArchive / Suppobox Research
dga_00579,proxydaemon43.info,suppobox,3.7947,0.4,18,True,0.985,DGArchive / Suppobox Research
dga_00580,packetdaemon91.info,suppobox,3.8269,0.4375,19,True,0.985,DGArchive / Suppobox Research
dga_00581,systemhost3.info,suppobox,3.4528,0.2857,16,True,0.985,DGArchive / Suppobox Research
dga_00582,daemonpacket14.com,suppobox,3.6144,0.4,18,True,0.985,DGArchive / Suppobox Research
dga_00583,globalshield2.info,suppobox,3.6835,0.375,18,True,0.985,DGArchive / Suppobox Research
dga_00584,beaconsystem96.com,suppobox,3.6144,0.3333,18,True,0.985,DGArchive / Suppobox Research
dga_00585,servicevector10.info,suppobox,3.5842,0.4118,20,True,0.985,DGArchive / Suppobox Research
dga_00586,securekernel35.net,suppobox,3.3027,0.4,18,True,0.985,DGArchive / Suppobox Research
dga_00587,vectorclient74.org,suppobox,3.6144,0.3333,18,True,0.985,DGArchive / Suppobox Research
dga_00588,matrixdriver93.org,suppobox,3.6144,0.3333,18,True,0.985,DGArchive / Suppobox Research
dga_00589,accessdriver87.org,suppobox,3.5724,0.3333,18,True,0.985,DGArchive / Suppobox Research
dga_00590,streammodule57.net,suppobox,3.6835,0.4,18,True,0.985,DGArchive / Suppobox Research
dga_00591,targetsecure8.net,suppobox,3.2195,0.4,17,True,0.985,DGArchive / Suppobox Research
dga_00592,networktunnel59.org,suppobox,3.5766,0.3125,19,True,0.985,DGArchive / Suppobox Research
dga_00593,moduleserver37.org,suppobox,3.5305,0.4,18,True,0.985,DGArchive / Suppobox Research
dga_00594,hostmatrix68.com,suppobox,3.625,0.3077,16,True,0.985,DGArchive / Suppobox Research
dga_00595,proxyglobal98.net,suppobox,3.8522,0.2857,17,True,0.985,DGArchive / Suppobox Research
dga_00596,packettarget47.org,suppobox,3.4613,0.3333,18,True,0.985,DGArchive / Suppobox Research
dga_00597,systemproxy11.com,suppobox,3.4992,0.2143,17,True,0.985,DGArchive / Suppobox Research
dga_00598,daemondirect4.com,suppobox,3.4992,0.4,17,True,0.985,DGArchive / Suppobox Research
dga_00599,globaldriver5.com,suppobox,3.7345,0.3333,17,True,0.985,DGArchive / Suppobox Research
dga_00600,beacondaemon15.org,suppobox,3.5724,0.4667,18,True,0.985,DGArchive / Suppobox Research
dga_00601,728b8bc365a4.cc,mirai,3.3232,0.1667,15,True,0.985,DGArchive / Mirai Research
dga_00602,3309cb875d55.top,mirai,3.5778,0.1667,16,True,0.985,DGArchive / Mirai Research
dga_00603,90f6a06cbc2f.xyz,mirai,3.5,0.1111,16,True,0.985,DGArchive / Mirai Research
dga_00604,abbeedee22cb.club,mirai,2.911,0.4286,17,True,0.985,DGArchive / Mirai Research
dga_00605,31b9a0ffb217.link,mirai,3.7345,0.2222,17,True,0.985,DGArchive / Mirai Research
dga_00606,469d333bd28b.online,mirai,3.6819,0.3,19,True,0.985,DGArchive / Mirai Research
dga_00607,54c3d0eaee06.cc,mirai,3.1396,0.5,15,True,0.985,DGArchive / Mirai Research
dga_00608,56c34e26efe7.top,mirai,3.5778,0.5,16,True,0.985,DGArchive / Mirai Research
dga_00609,09f44b1f120c.xyz,mirai,3.5,0.0,16,True,0.985,DGArchive / Mirai Research
dga_00610,0dcf8de053a9.club,mirai,3.7345,0.3,17,True,0.985,DGArchive / Mirai Research
dga_00611,e57fdec2532e.link,mirai,3.5725,0.4,17,True,0.985,DGArchive / Mirai Research
dga_00612,c12dd31e3fb6.online,mirai,3.7216,0.3333,19,True,0.985,DGArchive / Mirai Research
dga_00613,b7560243edd8.cc,mirai,3.6402,0.1667,15,True,0.985,DGArchive / Mirai Research
dga_00614,fb85f7e77b06.top,mirai,3.4528,0.25,16,True,0.985,DGArchive / Mirai Research
dga_00615,a4eff18fd66d.xyz,mirai,3.4528,0.2,16,True,0.985,DGArchive / Mirai Research
dga_00616,c4bccdd66681.club,mirai,3.1019,0.1,17,True,0.985,DGArchive / Mirai Research
dga_00617,952f16e95e05.link,mirai,3.5725,0.4286,17,True,0.985,DGArchive / Mirai Research
dga_00618,5089dbf408c0.online,mirai,3.7871,0.3,19,True,0.985,DGArchive / Mirai Research
dga_00619,8a150f17074c.cc,mirai,3.1899,0.2,15,True,0.985,DGArchive / Mirai Research
dga_00620,c0c6ba7c88f4.top,mirai,3.5778,0.2222,16,True,0.985,DGArchive / Mirai Research
dga_00621,e5f0d0b150b6.xyz,mirai,3.4528,0.125,16,True,0.985,DGArchive / Mirai Research
dga_00622,74b2a5f63a44.club,mirai,3.5725,0.375,17,True,0.985,DGArchive / Mirai Research
dga_00623,500f8b4b93c1.link,mirai,3.8522,0.125,17,True,0.985,DGArchive / Mirai Research
dga_00624,4d9374153831.online,mirai,3.6819,0.4286,19,True,0.985,DGArchive / Mirai Research
dga_00625,6ed51ca63f72.cc,mirai,3.4566,0.2857,15,True,0.985,DGArchive / Mirai Research
dga_00626,f29bd927989d.top,mirai,3.25,0.1429,16,True,0.985,DGArchive / Mirai Research
dga_00627,1c303e3dc4aa.xyz,mirai,3.4528,0.3333,16,True,0.985,DGArchive / Mirai Research
dga_00628,03c55732e357.club,mirai,3.2928,0.3333,17,True,0.985,DGArchive / Mirai Research
dga_00629,19b9c92d42ae.link,mirai,3.6901,0.3333,17,True,0.985,DGArchive / Mirai Research
dga_00630,256bb16f22fc.online,mirai,3.5766,0.2727,19,True,0.985,DGArchive / Mirai Research
dga_00631,779ea5b8487a.cc,mirai,3.1899,0.5,15,True,0.985,DGArchive / Mirai Research
dga_00632,b603f7cbb9ea.top,mirai,3.7028,0.3,16,True,0.985,DGArchive / Mirai Research
dga_00633,887ce1cf5f28.xyz,mirai,3.4528,0.125,16,True,0.985,DGArchive / Mirai Research
dga_00634,1c03bd30da1e.club,mirai,3.3816,0.3,17,True,0.985,DGArchive / Mirai Research
dga_00635,2745e64a1846.link,mirai,3.6901,0.5,17,True,0.985,DGArchive / Mirai Research
dga_00636,3a399efc85a1.online,mirai,3.7216,0.5455,19,True,0.985,DGArchive / Mirai Research
dga_00637,048fac1c4de9.cc,mirai,3.2402,0.25,15,True,0.985,DGArchive / Mirai Research
dga_00638,901f2f1363e6.top,mirai,3.5,0.3333,16,True,0.985,DGArchive / Mirai Research
dga_00639,90748951a261.xyz,mirai,3.75,0.25,16,True,0.985,DGArchive / Mirai Research
dga_00640,47e10b78dbe2.club,mirai,3.5725,0.3333,17,True,0.985,DGArchive / Mirai Research
dga_00641,ef93c415315a.link,mirai,3.7345,0.375,17,True,0.985,DGArchive / Mirai Research
dga_00642,07f4eb0e0d1c.online,mirai,3.6421,0.4167,19,True,0.985,DGArchive / Mirai Research
dga_00643,c1ed6df6d7b5.cc,mirai,3.1396,0.1111,15,True,0.985,DGArchive / Mirai Research
dga_00644,d1a832710bae.top,mirai,3.75,0.5,16,True,0.985,DGArchive / Mirai Research
dga_00645,2a08f320909f.xyz,mirai,3.3278,0.1667,16,True,0.985,DGArchive / Mirai Research
dga_00646,dffaf27a1f72.club,mirai,3.2639,0.2727,17,True,0.985,DGArchive / Mirai Research
dga_00647,5ec52cd542ae.link,mirai,3.4548,0.4,17,True,0.985,DGArchive / Mirai Research
dga_00648,5ab8804ce156.online,mirai,3.8269,0.5,19,True,0.985,DGArchive / Mirai Research
dga_00649,7d3a4375e3ed.cc,mirai,3.0566,0.4286,15,True,0.985,DGArchive / Mirai Research
dga_00650,21a4f6b55cf6.top,mirai,3.625,0.25,16,True,0.985,DGArchive / Mirai Research
dga_00651,144abf42c5c7.xyz,mirai,3.5778,0.125,16,True,0.985,DGArchive / Mirai Research
dga_00652,5c585590b9d5.club,mirai,3.0516,0.1429,17,True,0.985,DGArchive / Mirai Research
dga_00653,5da244ee3159.link,mirai,3.7345,0.5,17,True,0.985,DGArchive / Mirai Research
dga_00654,bceb123db0bb.online,mirai,3.4264,0.2857,19,True,0.985,DGArchive / Mirai Research
dga_00655,f27e3266825d.cc,mirai,3.3232,0.2,15,True,0.985,DGArchive / Mirai Research
dga_00656,efaf53bc98bc.top,mirai,3.625,0.2727,16,True,0.985,DGArchive / Mirai Research
dga_00657,331aa31cb6ef.xyz,mirai,3.4528,0.3333,16,True,0.985,DGArchive / Mirai Research
dga_00658,161e7a2a566b.club,mirai,3.4548,0.5,17,True,0.985,DGArchive / Mirai Research
dga_00659,0e82ed13a5cb.link,mirai,3.9698,0.4,17,True,0.985,DGArchive / Mirai Research
dga_00660,f927a9edf773.online,mirai,3.5766,0.4545,19,True,0.985,DGArchive / Mirai Research
dga_00661,937a89a830ba.cc,mirai,3.0566,0.5,15,True,0.985,DGArchive / Mirai Research
dga_00662,1f5fa0893b59.top,mirai,3.625,0.2857,16,True,0.985,DGArchive / Mirai Research
dga_00663,3c03f4db0994.xyz,mirai,3.5,0.0,16,True,0.985,DGArchive / Mirai Research
dga_00664,5f90e898a9bf.club,mirai,3.4548,0.3333,17,True,0.985,DGArchive / Mirai Research
dga_00665,bc67a2c649d2.link,mirai,3.7345,0.2222,17,True,0.985,DGArchive / Mirai Research
dga_00666,2e2401da1b0c.online,mirai,3.7216,0.4545,19,True,0.985,DGArchive / Mirai Research
dga_00667,920088924edf.cc,mirai,3.2402,0.2,15,True,0.985,DGArchive / Mirai Research
dga_00668,2e709c7fd05d.top,mirai,3.625,0.25,16,True,0.985,DGArchive / Mirai Research
dga_00669,92a17ab9044b.xyz,mirai,3.5,0.2857,16,True,0.985,DGArchive / Mirai Research
dga_00670,0bb730e92083.club,mirai,3.4104,0.2857,17,True,0.985,DGArchive / Mirai Research
dga_00671,cd7e6031f62e.link,mirai,3.8522,0.3333,17,True,0.985,DGArchive / Mirai Research
dga_00672,5c572e58cb88.online,mirai,3.4316,0.4,19,True,0.985,DGArchive / Mirai Research
dga_00673,7a0fbd08f956.cc,mirai,3.5069,0.1429,15,True,0.985,DGArchive / Mirai Research
dga_00674,32c5724773a0.top,mirai,3.4528,0.4,16,True,0.985,DGArchive / Mirai Research
dga_00675,3f5ac995285e.xyz,mirai,3.5778,0.2857,16,True,0.985,DGArchive / Mirai Research
dga_00676,a41be8a24aae.club,mirai,3.2639,0.6364,17,True,0.985,DGArchive / Mirai Research
dga_00677,34d382846673.link,mirai,3.4548,0.2,17,True,0.985,DGArchive / Mirai Research
dga_00678,ce1ef8bbac10.online,mirai,3.5766,0.4286,19,True,0.985,DGArchive / Mirai Research
dga_00679,ce4d9dd8c131.cc,mirai,2.9232,0.125,15,True,0.985,DGArchive / Mirai Research
dga_00680,e67adfd67b8f.top,mirai,3.5,0.3,16,True,0.985,DGArchive / Mirai Research
dga_00681,e53681be5d65.xyz,mirai,3.4528,0.2857,16,True,0.985,DGArchive / Mirai Research
dga_00682,0546a0961d3e.club,mirai,3.8522,0.4286,17,True,0.985,DGArchive / Mirai Research
dga_00683,eafdb28e91ed.link,mirai,3.6901,0.4167,17,True,0.985,DGArchive / Mirai Research
dga_00684,0192d1c7a674.online,mirai,3.9321,0.4444,19,True,0.985,DGArchive / Mirai Research
dga_00685,6d5f9e20a5f8.cc,mirai,3.5069,0.2857,15,True,0.985,DGArchive / Mirai Research
dga_00686,163b22513587.top,mirai,3.5,0.25,16,True,0.985,DGArchive / Mirai Research
dga_00687,09d48f6291f5.xyz,mirai,3.75,0.0,16,True,0.985,DGArchive / Mirai Research
dga_00688,7c913427b002.club,mirai,3.4992,0.1667,17,True,0.985,DGArchive / Mirai Research
dga_00689,7bfe88ad588a.link,mirai,3.4992,0.4,17,True,0.985,DGArchive / Mirai Research
dga_00690,0e48ccec6f2b.online,mirai,3.6421,0.3846,19,True,0.985,DGArchive / Mirai Research
dga_00691,b9eacc11e3cf.cc,mirai,2.8662,0.3,15,True,0.985,DGArchive / Mirai Research
dga_00692,89689b094767.top,mirai,3.3278,0.25,16,True,0.985,DGArchive / Mirai Research
dga_00693,62202fd9696e.xyz,mirai,3.2806,0.1667,16,True,0.985,DGArchive / Mirai Research
dga_00694,2f34f81f996e.club,mirai,3.6901,0.25,17,True,0.985,DGArchive / Mirai Research
dga_00695,57d3e7d23eaf.link,mirai,3.6169,0.4,17,True,0.985,DGArchive / Mirai Research
dga_00696,63945d10137c.online,mirai,3.9321,0.375,19,True,0.985,DGArchive / Mirai Research
dga_00697,f3df0a285a01.cc,mirai,3.3736,0.2857,15,True,0.985,DGArchive / Mirai Research
dga_00698,2afe72c89e8c.top,mirai,3.5,0.4444,16,True,0.985,DGArchive / Mirai Research
dga_00699,8767958e7972.xyz,mirai,3.25,0.25,16,True,0.985,DGArchive / Mirai Research
dga_00700,b8b469d6cb35.club,mirai,3.3816,0.1111,17,True,0.985,DGArchive / Mirai Research
dga_00701,1c3275c533b1.link,mirai,3.4548,0.1429,17,True,0.985,DGArchive / Mirai Research
dga_00702,de93cb300af0.online,mirai,3.6819,0.4167,19,True,0.985,DGArchive / Mirai Research
dga_00703,a96037506b3b.cc,mirai,3.2402,0.2,15,True,0.985,DGArchive / Mirai Research
dga_00704,77d45e52d983.top,mirai,3.625,0.3333,16,True,0.985,DGArchive / Mirai Research
dga_00705,ce6ec44a00d4.xyz,mirai,3.3278,0.3333,16,True,0.985,DGArchive / Mirai Research
dga_00706,01b501e69c88.club,mirai,3.4992,0.2857,17,True,0.985,DGArchive / Mirai Research
dga_00707,52c2863da901.link,mirai,3.9698,0.2857,17,True,0.985,DGArchive / Mirai Research
dga_00708,3f5e85e878b8.online,mirai,3.3661,0.5,19,True,0.985,DGArchive / Mirai Research
dga_00709,0acab7428bef.cc,mirai,3.3232,0.3333,15,True,0.985,DGArchive / Mirai Research
dga_00710,085e9fa71667.top,mirai,3.75,0.5,16,True,0.985,DGArchive / Mirai Research
dga_00711,d7b68ef01dcf.xyz,mirai,3.75,0.1,16,True,0.985,DGArchive / Mirai Research
dga_00712,dbdcf155c8a6.club,mirai,3.4548,0.1818,17,True,0.985,DGArchive / Mirai Research
dga_00713,fa5137acb665.link,mirai,3.7345,0.3333,17,True,0.985,DGArchive / Mirai Research
dga_00714,e9d4b7048b16.online,mirai,3.8269,0.4,19,True,0.985,DGArchive / Mirai Research
dga_00715,bcd91deea971.cc,mirai,3.0566,0.3333,15,True,0.985,DGArchive / Mirai Research
dga_00716,3e6629bdf041.top,mirai,3.875,0.2857,16,True,0.985,DGArchive / Mirai Research
dga_00717,45d8be8bccaf.xyz,mirai,3.625,0.1818,16,True,0.985,DGArchive / Mirai Research
dga_00718,a11959750d3b.club,mirai,3.6169,0.2857,17,True,0.985,DGArchive / Mirai Research
dga_00719,2db3c68de427.link,mirai,3.8522,0.2222,17,True,0.985,DGArchive / Mirai Research
dga_00720,89aa3191152f.online,mirai,3.6819,0.5556,19,True,0.985,DGArchive / Mirai Research
dga_00721,e4a0323b3580.cc,mirai,3.3232,0.4,15,True,0.985,DGArchive / Mirai Research
dga_00722,d6137e332f03.top,mirai,3.5,0.3333,16,True,0.985,DGArchive / Mirai Research
dga_00723,be85c3b29ed0.xyz,mirai,3.75,0.2222,16,True,0.985,DGArchive / Mirai Research
dga_00724,4cb134a51f71.club,mirai,3.4548,0.25,17,True,0.985,DGArchive / Mirai Research
dga_00725,b08352f715b2.link,mirai,3.7345,0.1429,17,True,0.985,DGArchive / Mirai Research
dga_00726,0910ccc34f65.online,mirai,3.7871,0.3,19,True,0.985,DGArchive / Mirai Research
dga_00727,9acaac318207.cc,mirai,3.0566,0.4286,15,True,0.985,DGArchive / Mirai Research
dga_00728,7a44569014a3.top,mirai,3.5778,0.6,16,True,0.985,DGArchive / Mirai Research
dga_00729,a2f9ace42cc6.xyz,mirai,3.4528,0.3,16,True,0.985,DGArchive / Mirai Research
dga_00730,c08418834b00.club,mirai,3.1751,0.1667,17,True,0.985,DGArchive / Mirai Research
dga_00731,d229d4e38beb.link,mirai,3.6169,0.3,17,True,0.985,DGArchive / Mirai Research
dga_00732,98d721c6e707.online,mirai,3.7871,0.4444,19,True,0.985,DGArchive / Mirai Research
dga_00733,18f06b1e09a9.cc,mirai,3.3736,0.3333,15,True,0.985,DGArchive / Mirai Research
dga_00734,8b8e951104d9.top,mirai,3.625,0.3333,16,True,0.985,DGArchive / Mirai Research
dga_00735,cf878c93e2b9.xyz,mirai,3.625,0.125,16,True,0.985,DGArchive / Mirai Research
dga_00736,4461d18b8589.club,mirai,3.4548,0.1667,17,True,0.985,DGArchive / Mirai Research
dga_00737,1d85948efd45.link,mirai,3.6169,0.25,17,True,0.985,DGArchive / Mirai Research
dga_00738,c59f5bf14b76.online,mirai,3.8269,0.2727,19,True,0.985,DGArchive / Mirai Research
dga_00739,b04c869a8b35.cc,mirai,3.3232,0.1667,15,True,0.985,DGArchive / Mirai Research
dga_00740,7319afab64a2.top,mirai,3.7028,0.5,16,True,0.985,DGArchive / Mirai Research
dga_00741,8827ebc8d3d7.xyz,mirai,3.4528,0.125,16,True,0.985,DGArchive / Mirai Research
dga_00742,55266e4adcc3.club,mirai,3.5725,0.3333,17,True,0.985,DGArchive / Mirai Research
dga_00743,5281c5c82e40.link,mirai,3.6169,0.2857,17,True,0.985,DGArchive / Mirai Research
dga_00744,c939cba19252.online,mirai,3.6819,0.4,19,True,0.985,DGArchive / Mirai Research
dga_00745,3d3d0a8b6e0d.cc,mirai,3.1899,0.25,15,True,0.985,DGArchive / Mirai Research
dga_00746,140a4033bbce.top,mirai,3.5,0.375,16,True,0.985,DGArchive / Mirai Research
dga_00747,1fe97655f4d2.xyz,mirai,3.75,0.1429,16,True,0.985,DGArchive / Mirai Research
dga_00748,3d42db193354.club,mirai,3.4548,0.1429,17,True,0.985,DGArchive / Mirai Research
dga_00749,2fa717c355d7.link,mirai,3.6901,0.25,17,True,0.985,DGArchive / Mirai Research
dga_00750,0c0256a345c2.online,mirai,3.7216,0.4444,19,True,0.985,DGArchive / Mirai Research
dga_00751,pantherbreaking.net,matsnu,3.4316,0.3333,19,True,0.985,DGArchive / Matsnu Research
dga_00752,tigerbreaking.info,matsnu,3.4613,0.4118,18,True,0.985,DGArchive / Matsnu Research
dga_00753,pantherstriking.org,matsnu,3.5766,0.2778,19,True,0.985,DGArchive / Matsnu Research
dga_00754,falconroaring.com,matsnu,3.3372,0.375,17,True,0.985,DGArchive / Matsnu Research
dga_00755,riverrising.biz,matsnu,3.0566,0.3571,15,True,0.985,DGArchive / Matsnu Research
dga_00756,winterdrifting.net,matsnu,3.1552,0.2941,18,True,0.985,DGArchive / Matsnu Research
dga_00757,eagledrifting.info,matsnu,3.4613,0.4118,18,True,0.985,DGArchive / Matsnu Research
dga_00758,stormroaring.com,matsnu,3.2806,0.3333,16,True,0.985,DGArchive / Matsnu Research
dga_00759,mountainroaring.com,matsnu,3.3264,0.4444,19,True,0.985,DGArchive / Matsnu Research
dga_00760,falconroaring.org,matsnu,3.1751,0.375,17,True,0.985,DGArchive / Matsnu Research
dga_00761,thunderfalling.biz,matsnu,3.8366,0.2941,18,True,0.985,DGArchive / Matsnu Research
dga_00762,frostflying.net,matsnu,3.5069,0.2143,15,True,0.985,DGArchive / Matsnu Research
dga_00763,shadowfalling.biz,matsnu,3.7345,0.3125,17,True,0.985,DGArchive / Matsnu Research
dga_00764,forestblazing.com,matsnu,3.9698,0.3125,17,True,0.985,DGArchive / Matsnu Research
dga_00765,shadowroaring.info,matsnu,3.4613,0.4118,18,True,0.985,DGArchive / Matsnu Research
dga_00766,winterflying.org,matsnu,3.5,0.2667,16,True,0.985,DGArchive / Matsnu Research
dga_00767,mountainstriking.info,matsnu,3.4399,0.4,21,True,0.985,DGArchive / Matsnu Research
dga_00768,forestrising.biz,matsnu,3.4528,0.3333,16,True,0.985,DGArchive / Matsnu Research
dga_00769,eagledrifting.org,matsnu,3.4548,0.375,17,True,0.985,DGArchive / Matsnu Research
dga_00770,forestshining.info,matsnu,3.3083,0.3529,18,True,0.985,DGArchive / Matsnu Research
dga_00771,summerbreaking.org,matsnu,3.5724,0.3529,18,True,0.985,DGArchive / Matsnu Research
dga_00772,oceanstriking.org,matsnu,3.4992,0.375,17,True,0.985,DGArchive / Matsnu Research
dga_00773,mountainflying.biz,matsnu,3.6416,0.3529,18,True,0.985,DGArchive / Matsnu Research
dga_00774,tigerfalling.org,matsnu,3.3278,0.3333,16,True,0.985,DGArchive / Matsnu Research
dga_00775,thundergliding.com,matsnu,3.7255,0.2941,18,True,0.985,DGArchive / Matsnu Research
dga_00776,falconshining.net,matsnu,3.4992,0.3125,17,True,0.985,DGArchive / Matsnu Research
dga_00777,riverrunning.net,matsnu,2.9528,0.3333,16,True,0.985,DGArchive / Matsnu Research
dga_00778,stormbreaking.com,matsnu,3.7345,0.3125,17,True,0.985,DGArchive / Matsnu Research
dga_00779,summerrunning.com,matsnu,3.2928,0.3125,17,True,0.985,DGArchive / Matsnu Research
dga_00780,winterfalling.net,matsnu,3.3372,0.3125,17,True,0.985,DGArchive / Matsnu Research
dga_00781,mountainfalling.biz,matsnu,3.5369,0.3889,19,True,0.985,DGArchive / Matsnu Research
dga_00782,oceanhunting.net,matsnu,3.25,0.4,16,True,0.985,DGArchive / Matsnu Research
dga_00783,pantherbreaking.biz,matsnu,3.6163,0.3333,19,True,0.985,DGArchive / Matsnu Research
dga_00784,oceanhunting.org,matsnu,3.4528,0.4,16,True,0.985,DGArchive / Matsnu Research
dga_00785,mountainstriking.net,matsnu,3.4464,0.3684,20,True,0.985,DGArchive / Matsnu Research
dga_00786,frostblazing.org,matsnu,3.625,0.2667,16,True,0.985,DGArchive / Matsnu Research
dga_00787,summerrising.net,matsnu,3.25,0.3333,16,True,0.985,DGArchive / Matsnu Research
dga_00788,winterbreaking.org,matsnu,3.4613,0.3529,18,True,0.985,DGArchive / Matsnu Research
dga_00789,shadowdrifting.biz,matsnu,3.7947,0.2941,18,True,0.985,DGArchive / Matsnu Research
dga_00790,forestrunning.info,matsnu,3.281,0.3529,18,True,0.985,DGArchive / Matsnu Research
dga_00791,thunderroaring.com,matsnu,3.6835,0.3529,18,True,0.985,DGArchive / Matsnu Research
dga_00792,stormrunning.com,matsnu,3.3278,0.2667,16,True,0.985,DGArchive / Matsnu Research
dga_00793,shadowfalling.com,matsnu,3.7345,0.3125,17,True,0.985,DGArchive / Matsnu Research
dga_00794,stormstriking.com,matsnu,3.3816,0.25,17,True,0.985,DGArchive / Matsnu Research
dga_00795,eaglefalling.info,matsnu,3.1019,0.4375,17,True,0.985,DGArchive / Matsnu Research
dga_00796,forestblazing.com,matsnu,3.9698,0.3125,17,True,0.985,DGArchive / Matsnu Research
dga_00797,summerrunning.net,matsnu,3.1463,0.3125,17,True,0.985,DGArchive / Matsnu Research
dga_00798,stormflying.org,matsnu,3.5069,0.2143,15,True,0.985,DGArchive / Matsnu Research
dga_00799,mountainflying.org,matsnu,3.5724,0.3529,18,True,0.985,DGArchive / Matsnu Research
dga_00800,froststriking.biz,matsnu,3.4548,0.25,17,True,0.985,DGArchive / Matsnu Research
dga_00801,shadowhunting.org,matsnu,3.6169,0.3125,17,True,0.985,DGArchive / Matsnu Research
dga_00802,tigergliding.biz,matsnu,3.2028,0.3333,16,True,0.985,DGArchive / Matsnu Research
dga_00803,pantherhunting.com,matsnu,3.6835,0.2941,18,True,0.985,DGArchive / Matsnu Research
dga_00804,tigerflying.info,matsnu,3.3278,0.3333,16,True,0.985,DGArchive / Matsnu Research
dga_00805,thunderflying.biz,matsnu,3.8522,0.25,17,True,0.985,DGArchive / Matsnu Research
dga_00806,oceangliding.info,matsnu,3.2928,0.4375,17,True,0.985,DGArchive / Matsnu Research
dga_00807,eagleshining.net,matsnu,3.1556,0.4,16,True,0.985,DGArchive / Matsnu Research
dga_00808,forestgliding.com,matsnu,3.7345,0.3125,17,True,0.985,DGArchive / Matsnu Research
dga_00809,mountainrunning.com,matsnu,3.2158,0.3889,19,True,0.985,DGArchive / Matsnu Research
dga_00810,tigerdrifting.info,matsnu,3.1699,0.3529,18,True,0.985,DGArchive / Matsnu Research
dga_00811,riverrunning.org,matsnu,2.9528,0.3333,16,True,0.985,DGArchive / Matsnu Research
dga_00812,oceanshining.net,matsnu,3.25,0.4,16,True,0.985,DGArchive / Matsnu Research
dga_00813,summergliding.info,matsnu,3.5724,0.3529,18,True,0.985,DGArchive / Matsnu Research
dga_00814,forestdrifting.info,matsnu,3.3264,0.3333,19,True,0.985,DGArchive / Matsnu Research
dga_00815,thunderhunting.biz,matsnu,3.4613,0.2941,18,True,0.985,DGArchive / Matsnu Research
dga_00816,falconbreaking.org,matsnu,3.6144,0.3529,18,True,0.985,DGArchive / Matsnu Research
dga_00817,thunderstriking.info,matsnu,3.6464,0.3158,20,True,0.985,DGArchive / Matsnu Research
dga_00818,tigerrunning.info,matsnu,3.1019,0.375,17,True,0.985,DGArchive / Matsnu Research
dga_00819,riverstriking.com,matsnu,3.5281,0.3125,17,True,0.985,DGArchive / Matsnu Research
dga_00820,tigerbreaking.biz,matsnu,3.3372,0.375,17,True,0.985,DGArchive / Matsnu Research
dga_00821,eaglehunting.info,matsnu,3.4548,0.4375,17,True,0.985,DGArchive / Matsnu Research
dga_00822,stormroaring.info,matsnu,3.2928,0.375,17,True,0.985,DGArchive / Matsnu Research
dga_00823,riverrunning.biz,matsnu,3.1085,0.3333,16,True,0.985,DGArchive / Matsnu Research
dga_00824,falconroaring.org,matsnu,3.1751,0.375,17,True,0.985,DGArchive / Matsnu Research
dga_00825,mountainshining.com,matsnu,3.3661,0.3889,19,True,0.985,DGArchive / Matsnu Research
dga_00826,foreststriking.com,matsnu,3.6144,0.2941,18,True,0.985,DGArchive / Matsnu Research
dga_00827,eaglegliding.net,matsnu,3.0306,0.4,16,True,0.985,DGArchive / Matsnu Research
dga_00828,winterroaring.net,matsnu,3.1751,0.375,17,True,0.985,DGArchive / Matsnu Research
dga_00829,eagleroaring.net,matsnu,3.2028,0.4667,16,True,0.985,DGArchive / Matsnu Research
dga_00830,tigerrising.net,matsnu,2.9232,0.3571,15,True,0.985,DGArchive / Matsnu Research
dga_00831,riverflying.com,matsnu,3.6402,0.2857,15,True,0.985,DGArchive / Matsnu Research
dga_00832,winterrising.info,matsnu,3.2195,0.375,17,True,0.985,DGArchive / Matsnu Research
dga_00833,riverhunting.biz,matsnu,3.4528,0.3333,16,True,0.985,DGArchive / Matsnu Research
dga_00834,forestshining.biz,matsnu,3.5725,0.3125,17,True,0.985,DGArchive / Matsnu Research
dga_00835,shadowdrifting.info,matsnu,3.5766,0.3333,19,True,0.985,DGArchive / Matsnu Research
dga_00836,stormflying.com,matsnu,3.6402,0.2143,15,True,0.985,DGArchive / Matsnu Research
dga_00837,shadowstriking.net,matsnu,3.7255,0.2941,18,True,0.985,DGArchive / Matsnu Research
dga_00838,oceanfalling.org,matsnu,3.375,0.4,16,True,0.985,DGArchive / Matsnu Research
dga_00839,eaglefalling.biz,matsnu,3.2028,0.4,16,True,0.985,DGArchive / Matsnu Research
dga_00840,wintergliding.biz,matsnu,3.3816,0.3125,17,True,0.985,DGArchive / Matsnu Research
dga_00841,riverrunning.biz,matsnu,3.1085,0.3333,16,True,0.985,DGArchive / Matsnu Research
dga_00842,stormbreaking.info,matsnu,3.7255,0.3529,18,True,0.985,DGArchive / Matsnu Research
dga_00843,mountainrunning.com,matsnu,3.2158,0.3889,19,True,0.985,DGArchive / Matsnu Research
dga_00844,oceangliding.biz,matsnu,3.4528,0.4,16,True,0.985,DGArchive / Matsnu Research
dga_00845,thundershining.biz,matsnu,3.5305,0.2941,18,True,0.985,DGArchive / Matsnu Research
dga_00846,stormhunting.com,matsnu,3.5,0.2667,16,True,0.985,DGArchive / Matsnu Research
dga_00847,eagledrifting.biz,matsnu,3.5725,0.375,17,True,0.985,DGArchive / Matsnu Research
dga_00848,frostdrifting.org,matsnu,3.2195,0.25,17,True,0.985,DGArchive / Matsnu Research
dga_00849,riverstriking.net,matsnu,3.1751,0.3125,17,True,0.985,DGArchive / Matsnu Research
dga_00850,tigerblazing.biz,matsnu,3.3278,0.3333,16,True,0.985,DGArchive / Matsnu Research
dga_00851,shadowrising.com,matsnu,3.625,0.3333,16,True,0.985,DGArchive / Matsnu Research
dga_00852,frostdrifting.info,matsnu,3.1972,0.2941,18,True,0.985,DGArchive / Matsnu Research
dga_00853,riverdrifting.info,matsnu,3.2391,0.3529,18,True,0.985,DGArchive / Matsnu Research
dga_00854,stormrunning.net,matsnu,3.25,0.2667,16,True,0.985,DGArchive / Matsnu Research
dga_00855,riverblazing.info,matsnu,3.5725,0.375,17,True,0.985,DGArchive / Matsnu Research
dga_00856,stormrunning.info,matsnu,3.2639,0.3125,17,True,0.985,DGArchive / Matsnu Research
dga_00857,eaglefalling.org,matsnu,3.1556,0.4,16,True,0.985,DGArchive / Matsnu Research
dga_00858,frostrising.com,matsnu,3.3736,0.2857,15,True,0.985,DGArchive / Matsnu Research
dga_00859,panthershining.net,matsnu,3.281,0.2941,18,True,0.985,DGArchive / Matsnu Research
dga_00860,oceanroaring.biz,matsnu,3.375,0.4667,16,True,0.985,DGArchive / Matsnu Research
dga_00861,shadowrunning.biz,matsnu,3.6901,0.3125,17,True,0.985,DGArchive / Matsnu Research
dga_00862,tigerstriking.com,matsnu,3.4548,0.3125,17,True,0.985,DGArchive / Matsnu Research
dga_00863,riverrising.net,matsnu,3.0062,0.3571,15,True,0.985,DGArchive / Matsnu Research
dga_00864,stormflying.net,matsnu,3.6402,0.2143,15,True,0.985,DGArchive / Matsnu Research
dga_00865,riverhunting.net,matsnu,3.2028,0.3333,16,True,0.985,DGArchive / Matsnu Research
dga_00866,tigerfalling.biz,matsnu,3.4528,0.3333,16,True,0.985,DGArchive / Matsnu Research
dga_00867,thunderhunting.net,matsnu,3.128,0.2941,18,True,0.985,DGArchive / Matsnu Research
dga_00868,stormrising.info,matsnu,3.2028,0.3333,16,True,0.985,DGArchive / Matsnu Research
dga_00869,eagleflying.org,matsnu,3.3232,0.3571,15,True,0.985,DGArchive / Matsnu Research
dga_00870,falconfalling.info,matsnu,3.0441,0.3529,18,True,0.985,DGArchive / Matsnu Research
dga_00871,mountainfalling.info,matsnu,3.2842,0.4211,20,True,0.985,DGArchive / Matsnu Research
dga_00872,frostgliding.com,matsnu,3.625,0.2667,16,True,0.985,DGArchive / Matsnu Research
dga_00873,riverroaring.info,matsnu,3.1019,0.4375,17,True,0.985,DGArchive / Matsnu Research
dga_00874,oceandrifting.com,matsnu,3.6169,0.375,17,True,0.985,DGArchive / Matsnu Research
dga_00875,pantherrunning.net,matsnu,3.1916,0.2941,18,True,0.985,DGArchive / Matsnu Research
dga_00876,wintergliding.com,matsnu,3.5725,0.3125,17,True,0.985,DGArchive / Matsnu Research
dga_00877,mountainfalling.net,matsnu,3.4058,0.3889,19,True,0.985,DGArchive / Matsnu Research
dga_00878,forestbreaking.net,matsnu,3.5724,0.3529,18,True,0.985,DGArchive / Matsnu Research
dga_00879,shadowdrifting.net,matsnu,3.7255,0.2941,18,True,0.985,DGArchive / Matsnu Research
dga_00880,tigerdrifting.org,matsnu,3.1307,0.3125,17,True,0.985,DGArchive / Matsnu Research
dga_00881,eagleflying.biz,matsnu,3.3736,0.3571,15,True,0.985,DGArchive / Matsnu Research
dga_00882,falconroaring.net,matsnu,3.4548,0.375,17,True,0.985,DGArchive / Matsnu Research
dga_00883,summerflying.net,matsnu,3.625,0.2667,16,True,0.985,DGArchive / Matsnu Research
dga_00884,falcondrifting.info,matsnu,3.3919,0.3333,19,True,0.985,DGArchive / Matsnu Research
dga_00885,shadowdrifting.com,matsnu,3.8366,0.2941,18,True,0.985,DGArchive / Matsnu Research
dga_00886,falconblazing.org,matsnu,3.4992,0.3125,17,True,0.985,DGArchive / Matsnu Research
dga_00887,shadowrunning.org,matsnu,3.4548,0.3125,17,True,0.985,DGArchive / Matsnu Research
dga_00888,falconrunning.org,matsnu,3.2639,0.3125,17,True,0.985,DGArchive / Matsnu Research
dga_00889,summershining.net,matsnu,3.3372,0.3125,17,True,0.985,DGArchive / Matsnu Research
dga_00890,frostflying.com,matsnu,3.6402,0.2143,15,True,0.985,DGArchive / Matsnu Research
dga_00891,mountaingliding.com,matsnu,3.4316,0.3889,19,True,0.985,DGArchive / Matsnu Research
dga_00892,stormblazing.org,matsnu,3.625,0.2667,16,True,0.985,DGArchive / Matsnu Research
dga_00893,thunderblazing.org,matsnu,3.8366,0.2941,18,True,0.985,DGArchive / Matsnu Research
dga_00894,tigerrising.info,matsnu,3.125,0.4,16,True,0.985,DGArchive / Matsnu Research
dga_00895,shadowflying.info,matsnu,3.6169,0.3125,17,True,0.985,DGArchive / Matsnu Research
dga_00896,frostrising.net,matsnu,3.2402,0.2857,15,True,0.985,DGArchive / Matsnu Research
dga_00897,riverbreaking.org,matsnu,3.2639,0.375,17,True,0.985,DGArchive / Matsnu Research
dga_00898,oceanfalling.com,matsnu,3.375,0.4,16,True,0.985,DGArchive / Matsnu Research
dga_00899,mountainbreaking.info,matsnu,3.5945,0.45,21,True,0.985,DGArchive / Matsnu Research
dga_00900,oceanstriking.info,matsnu,3.5305,0.4118,18,True,0.985,DGArchive / Matsnu Research
dga_00901,mdtqmpejbnhtilup.ru,locky,3.8269,0.2222,19,True,0.985,DGArchive / Locky Research
dga_00902,ioggbudluzpkcljp.pw,locky,3.6819,0.2222,19,True,0.985,DGArchive / Locky Research
dga_00903,rigycyyyeocpcjrm.in,locky,3.3661,0.2222,19,True,0.985,DGArchive / Locky Research
dga_00904,hwwmwsadjlfjpvnb.be,locky,3.7871,0.1111,19,True,0.985,DGArchive / Locky Research
dga_00905,eyexbgwpybcyhtyj.su,locky,3.6163,0.1667,19,True,0.985,DGArchive / Locky Research
dga_00906,vuzmfotukhghggag.pl,locky,3.6163,0.2222,19,True,0.985,DGArchive / Locky Research
dga_00907,onvgixmcgvduwrln.info,locky,3.7849,0.25,21,True,0.985,DGArchive / Locky Research
dga_00908,jgxdehurdwyvedtq.ru,locky,3.6819,0.2222,19,True,0.985,DGArchive / Locky Research
dga_00909,odyxggdnuinjwymi.pw,locky,3.6163,0.2222,19,True,0.985,DGArchive / Locky Research
dga_00910,ffpzplbxttbwhrql.in,locky,3.7216,0.0556,19,True,0.985,DGArchive / Locky Research
dga_00911,tlyydyjsyhqhvddi.be,locky,3.4714,0.1111,19,True,0.985,DGArchive / Locky Research
dga_00912,ojabafcmhsqmnuqo.su,locky,3.6163,0.3333,19,True,0.985,DGArchive / Locky Research
dga_00913,cyfqohkudeznafae.pl,locky,3.9321,0.3333,19,True,0.985,DGArchive / Locky Research
dga_00914,tfkydmryuvsnpnmp.info,locky,3.7849,0.15,21,True,0.985,DGArchive / Locky Research
dga_00915,lrpskymezzfcrwro.ru,locky,3.7216,0.1667,19,True,0.985,DGArchive / Locky Research
dga_00916,fgdnxcakndflarus.pw,locky,3.8269,0.1667,19,True,0.985,DGArchive / Locky Research
dga_00917,qxqcocimfvsgrbou.in,locky,3.8269,0.2778,19,True,0.985,DGArchive / Locky Research
dga_00918,nukqrutydxirgezf.be,locky,3.9321,0.2778,19,True,0.985,DGArchive / Locky Research
dga_00919,wssqvdeusentezyv.su,locky,3.3661,0.2778,19,True,0.985,DGArchive / Locky Research
dga_00920,ckctzxfcxabmggth.pl,locky,3.6819,0.0556,19,True,0.985,DGArchive / Locky Research
dga_00921,pmkqagpabcmvhiam.info,locky,3.749,0.3,21,True,0.985,DGArchive / Locky Research
dga_00922,dkbwqrabduqiualj.ru,locky,3.4714,0.3333,19,True,0.985,DGArchive / Locky Research
dga_00923,yzjegyphtdbfjggh.pw,locky,3.5766,0.0556,19,True,0.985,DGArchive / Locky Research
dga_00924,rnodmrjwmjlbvjtf.in,locky,3.6819,0.1111,19,True,0.985,DGArchive / Locky Research
dga_00925,gdvwhnpwtqwzzqnc.be,locky,3.6819,0.0556,19,True,0.985,DGArchive / Locky Research
dga_00926,tkdotpgwbtqhboqh.su,locky,3.5766,0.1667,19,True,0.985,DGArchive / Locky Research
dga_00927,qpvsclpfeuobadrx.pl,locky,3.8924,0.2222,19,True,0.985,DGArchive / Locky Research
dga_00928,lfgxdqsntuzlhvpl.info,locky,3.9754,0.15,21,True,0.985,DGArchive / Locky Research
dga_00929,hmrmtftabubgguwc.ru,locky,3.4714,0.2222,19,True,0.985,DGArchive / Locky Research
dga_00930,idlnspopnqbvykvk.pw,locky,3.6819,0.1111,19,True,0.985,DGArchive / Locky Research
dga_00931,sgvyvkhbyeunetqs.in,locky,3.7216,0.2222,19,True,0.985,DGArchive / Locky Research
dga_00932,tnszfuckwlspjxzu.be,locky,3.9321,0.1667,19,True,0.985,DGArchive / Locky Research
dga_00933,jnjwcbbregocxaww.su,locky,3.6819,0.2222,19,True,0.985,DGArchive / Locky Research
dga_00934,xjtrkkzydlhknlvp.pl,locky,3.6421,0.0,19,True,0.985,DGArchive / Locky Research
dga_00935,nlhzphuakrlhwpgy.info,locky,3.8802,0.2,21,True,0.985,DGArchive / Locky Research
dga_00936,diejclrelinlwosw.ru,locky,3.5766,0.3333,19,True,0.985,DGArchive / Locky Research
dga_00937,kziwbqimjsudsmjw.pw,locky,3.5766,0.1667,19,True,0.985,DGArchive / Locky Research
dga_00938,mlfuksgnfzkavseo.in,locky,3.8269,0.2778,19,True,0.985,DGArchive / Locky Research
dga_00939,fdonguxwifuoebme.be,locky,3.5766,0.4444,19,True,0.985,DGArchive / Locky Research
dga_00940,hyhikihgjdmrklgl.su,locky,3.5766,0.1667,19,True,0.985,DGArchive / Locky Research
dga_00941,unggzcuxmfcefenv.pl,locky,3.6163,0.2222,19,True,0.985,DGArchive / Locky Research
dga_00942,wdongqwowxomeuax.info,locky,3.5945,0.4,21,True,0.985,DGArchive / Locky Research
dga_00943,xgzastznwttxmpmg.ru,locky,3.5766,0.1111,19,True,0.985,DGArchive / Locky Research
dga_00944,czjswglrdflphzzq.pw,locky,3.6819,0.0,19,True,0.985,DGArchive / Locky Research
dga_00945,etxpqzpiylncmutq.in,locky,3.7216,0.2222,19,True,0.985,DGArchive / Locky Research
dga_00946,xjzrgcevnrfkpsgs.be,locky,3.8269,0.1111,19,True,0.985,DGArchive / Locky Research
dga_00947,wsexjfrsxwfyfsey.su,locky,3.1556,0.1667,19,True,0.985,DGArchive / Locky Research
dga_00948,nmlidaporcfvwbtl.pl,locky,3.8924,0.1667,19,True,0.985,DGArchive / Locky Research
dga_00949,fmciyetzvlrpuspx.info,locky,4.1066,0.25,21,True,0.985,DGArchive / Locky Research
dga_00950,dqmkqijdohbovrbd.ru,locky,3.5766,0.2222,19,True,0.985,DGArchive / Locky Research
dga_00951,vtvncayjfodpkneg.pw,locky,3.9321,0.1667,19,True,0.985,DGArchive / Locky Research
dga_00952,wiqhlmklvhxrytgi.in,locky,3.7871,0.1667,19,True,0.985,DGArchive / Locky Research
dga_00953,vemhllianyzsczww.be,locky,3.8269,0.2222,19,True,0.985,DGArchive / Locky Research
dga_00954,ehaqrpbmiyxstwzg.su,locky,4.1427,0.2222,19,True,0.985,DGArchive / Locky Research
dga_00955,bahynucobjlvdkjw.pl,locky,3.9321,0.1667,19,True,0.985,DGArchive / Locky Research
dga_00956,bffhoauogepcdisr.info,locky,3.8442,0.4,21,True,0.985,DGArchive / Locky Research
dga_00957,ajnqzrilvmrespjg.ru,locky,3.8924,0.2222,19,True,0.985,DGArchive / Locky Research
dga_00958,stvgwkkecxheoxor.pw,locky,3.7216,0.2222,19,True,0.985,DGArchive / Locky Research
dga_00959,tambrwspgqlfapgu.in,locky,3.9321,0.2222,19,True,0.985,DGArchive / Locky Research
dga_00960,jzzovfturjxatwuc.be,locky,3.8269,0.2778,19,True,0.985,DGArchive / Locky Research
dga_00961,gqfocbenoxxnjzot.su,locky,3.7871,0.2778,19,True,0.985,DGArchive / Locky Research
dga_00962,tqpbhrdocqoinsxl.pl,locky,3.8269,0.1667,19,True,0.985,DGArchive / Locky Research
dga_00963,bmmabtcmxoazaldb.info,locky,3.6178,0.3,21,True,0.985,DGArchive / Locky Research
dga_00964,dvvcdlcqkqwntfyn.ru,locky,3.7216,0.0556,19,True,0.985,DGArchive / Locky Research
dga_00965,ratmtdmsbwgffdpq.pw,locky,3.6163,0.0556,19,True,0.985,DGArchive / Locky Research
dga_00966,csyprglvsnszywzl.in,locky,3.5766,0.0556,19,True,0.985,DGArchive / Locky Research
dga_00967,sufbtbynrnsbqvwr.be,locky,3.5111,0.1111,19,True,0.985,DGArchive / Locky Research
dga_00968,nlqwfhsqhtzmsojd.su,locky,3.7871,0.1111,19,True,0.985,DGArchive / Locky Research
dga_00969,jduqirvkjrnmslbw.pl,locky,3.9321,0.1111,19,True,0.985,DGArchive / Locky Research
dga_00970,zriutkojwzfugxed.info,locky,3.9161,0.35,21,True,0.985,DGArchive / Locky Research
dga_00971,nkbqzvtlxsxusdca.ru,locky,3.9321,0.1667,19,True,0.985,DGArchive / Locky Research
dga_00972,fzydutskzqsgxkjm.pw,locky,3.9321,0.0556,19,True,0.985,DGArchive / Locky Research
dga_00973,pjkudxsulsenkhpz.in,locky,3.7216,0.2222,19,True,0.985,DGArchive / Locky Research
dga_00974,fqxthakjxlvleeup.be,locky,3.7871,0.2778,19,True,0.985,DGArchive / Locky Research
dga_00975,cbyzkequytnzglyl.su,locky,3.6819,0.1667,19,True,0.985,DGArchive / Locky Research
dga_00976,wrpubeglfqntnvmh.pl,locky,3.9321,0.1111,19,True,0.985,DGArchive / Locky Research
dga_00977,bbjdrdzduvdvrjvh.info,locky,3.4992,0.15,21,True,0.985,DGArchive / Locky Research
dga_00978,aemlzaygkpkigmsk.ru,locky,3.6819,0.2778,19,True,0.985,DGArchive / Locky Research
dga_00979,pvzixtdlkosabasj.pw,locky,3.9321,0.2222,19,True,0.985,DGArchive / Locky Research
dga_00980,qvmnflegrrpshmee.in,locky,3.6819,0.2222,19,True,0.985,DGArchive / Locky Research
dga_00981,zgnlxpwhakfwlrdb.be,locky,3.9321,0.1111,19,True,0.985,DGArchive / Locky Research
dga_00982,ovvgrwtwtvgqoljr.su,locky,3.4714,0.1667,19,True,0.985,DGArchive / Locky Research
dga_00983,tfiaenofzwebtfhq.pl,locky,3.7871,0.2778,19,True,0.985,DGArchive / Locky Research
dga_00984,ybcoixidbvbhkrtz.info,locky,3.8442,0.25,21,True,0.985,DGArchive / Locky Research
dga_00985,oekhftiqelpxbqbg.ru,locky,3.9321,0.2778,19,True,0.985,DGArchive / Locky Research
dga_00986,uyiwkgrfdoyfnphw.pw,locky,3.6819,0.1667,19,True,0.985,DGArchive / Locky Research
dga_00987,onmtljemkwklwufv.in,locky,3.7216,0.2222,19,True,0.985,DGArchive / Locky Research
dga_00988,zkjoyhxeejzomkvc.be,locky,3.5766,0.2778,19,True,0.985,DGArchive / Locky Research
dga_00989,xpgshilzilnblgsu.su,locky,3.4316,0.2222,19,True,0.985,DGArchive / Locky Research
dga_00990,ndwkxykvppgqbham.pl,locky,3.8924,0.0556,19,True,0.985,DGArchive / Locky Research
dga_00991,nzfjchsyzvmjapck.info,locky,3.9161,0.15,21,True,0.985,DGArchive / Locky Research
dga_00992,bjttqkkkjafumirn.ru,locky,3.5766,0.2222,19,True,0.985,DGArchive / Locky Research
dga_00993,cmrignnzwmkmhirf.pw,locky,3.5766,0.1111,19,True,0.985,DGArchive / Locky Research
dga_00994,gwwlggdfjwnuosvp.in,locky,3.6421,0.1667,19,True,0.985,DGArchive / Locky Research
dga_00995,rxdnioyylzxlhdlx.be,locky,3.5369,0.1667,19,True,0.985,DGArchive / Locky Research
dga_00996,canelkhoyyysqmna.su,locky,3.6819,0.2778,19,True,0.985,DGArchive / Locky Research
dga_00997,twgnrcumzzckgszo.pl,locky,3.7871,0.1111,19,True,0.985,DGArchive / Locky Research
dga_00998,fmsdyhkufxdnmctv.info,locky,3.8802,0.15,21,True,0.985,DGArchive / Locky Research
dga_00999,zbaieqskzcqpbjxo.ru,locky,3.9321,0.2778,19,True,0.985,DGArchive / Locky Research
dga_01000,spnhpmlyjqxcwvuy.pw,locky,3.7871,0.0556,19,True,0.985,DGArchive / Locky Research
dga_01001,hjggcticsxnhrymt.in,locky,3.6163,0.1111,19,True,0.985,DGArchive / Locky Research
dga_01002,gczbytiiyjolzpmf.be,locky,3.8269,0.2222,19,True,0.985,DGArchive / Locky Research
dga_01003,sxqmninudovedfrv.su,locky,3.7216,0.2778,19,True,0.985,DGArchive / Locky Research
dga_01004,ptqgghyqrhyunrel.pl,locky,3.5111,0.1111,19,True,0.985,DGArchive / Locky Research
dga_01005,fjdesvnudowssqsq.info,locky,3.5352,0.25,21,True,0.985,DGArchive / Locky Research
dga_01006,njrzkcoayrdtxrkg.ru,locky,3.7216,0.1667,19,True,0.985,DGArchive / Locky Research
dga_01007,loxmbssqbwyzutxy.pw,locky,3.7216,0.1111,19,True,0.985,DGArchive / Locky Research
dga_01008,ncjnpvurpxnyucfw.in,locky,3.5111,0.1667,19,True,0.985,DGArchive / Locky Research
dga_01009,pfhxrhulbkeuwwch.be,locky,3.5766,0.2222,19,True,0.985,DGArchive / Locky Research
dga_01010,zhyfqzgwnxprnbuk.su,locky,3.9321,0.1111,19,True,0.985,DGArchive / Locky Research
dga_01011,siorqevsgvcqwmhs.pl,locky,3.7871,0.1667,19,True,0.985,DGArchive / Locky Research
dga_01012,yrgulsrolebyryjq.info,locky,3.749,0.25,21,True,0.985,DGArchive / Locky Research
dga_01013,lonvrxjxemljhqkm.ru,locky,3.7216,0.1667,19,True,0.985,DGArchive / Locky Research
dga_01014,lkxgwduurlzjnclx.pw,locky,3.6819,0.1111,19,True,0.985,DGArchive / Locky Research
dga_01015,mcnlrxzyhlplztht.in,locky,3.5766,0.0556,19,True,0.985,DGArchive / Locky Research
dga_01016,jjdhqhnbskvsikoj.be,locky,3.5766,0.1667,19,True,0.985,DGArchive / Locky Research
dga_01017,kkmxbpvfgslsbjpr.su,locky,3.6819,0.0556,19,True,0.985,DGArchive / Locky Research
dga_01018,twthdqhewsrfizhe.pl,locky,3.6819,0.1667,19,True,0.985,DGArchive / Locky Research
dga_01019,ofnwaiybowrjicol.info,locky,3.4992,0.4,21,True,0.985,DGArchive / Locky Research
dga_01020,nmrryeueigdpwpuz.ru,locky,3.5369,0.3333,19,True,0.985,DGArchive / Locky Research
dga_01021,ttauomlvdnuymriz.pw,locky,3.9321,0.2778,19,True,0.985,DGArchive / Locky Research
dga_01022,mydmeoewgclnmici.in,locky,3.4316,0.3333,19,True,0.985,DGArchive / Locky Research
dga_01023,olnkcuepzpkfoppd.be,locky,3.5111,0.2778,19,True,0.985,DGArchive / Locky Research
dga_01024,eqfuyhzadbpdsjia.su,locky,3.8269,0.3333,19,True,0.985,DGArchive / Locky Research
dga_01025,eikmfnxddgufetfd.pl,locky,3.6421,0.2222,19,True,0.985,DGArchive / Locky Research
dga_01026,cfhtryvgaapldrnf.info,locky,3.8802,0.2,21,True,0.985,DGArchive / Locky Research
dga_01027,awdcatollbejjtiw.ru,locky,3.7216,0.3333,19,True,0.985,DGArchive / Locky Research
dga_01028,kgvlluofkjgugyaj.pw,locky,3.5766,0.2222,19,True,0.985,DGArchive / Locky Research
dga_01029,iuwzzspycyvzblqh.in,locky,3.7871,0.1667,19,True,0.985,DGArchive / Locky Research
dga_01030,nvppdnanonqqjzpr.be,locky,3.4714,0.1667,19,True,0.985,DGArchive / Locky Research
dga_01031,rybrwbvkiqbpnhzg.su,locky,3.8924,0.1111,19,True,0.985,DGArchive / Locky Research
dga_01032,clvtxjdqqhzbajrp.pl,locky,3.8269,0.0556,19,True,0.985,DGArchive / Locky Research
dga_01033,djagtthhrqywwhed.info,locky,3.8802,0.2,21,True,0.985,DGArchive / Locky Research
dga_01034,zjvzhzwblbdcykqd.ru,locky,3.7871,0.0556,19,True,0.985,DGArchive / Locky Research
dga_01035,nczfwijqwxoaltvm.pw,locky,3.9977,0.1667,19,True,0.985,DGArchive / Locky Research
dga_01036,zhqkwydkjumrjxjq.in,locky,3.7871,0.1111,19,True,0.985,DGArchive / Locky Research
dga_01037,jwbrstyhcztrnnwo.be,locky,3.7216,0.1111,19,True,0.985,DGArchive / Locky Research
dga_01038,ezmxnkkvrgqkmrkm.su,locky,3.4714,0.1111,19,True,0.985,DGArchive / Locky Research
dga_01039,qbevbnkhjcjvtvjq.pl,locky,3.5369,0.0556,19,True,0.985,DGArchive / Locky Research
dga_01040,vayqdillfcjecqmb.info,locky,3.9161,0.25,21,True,0.985,DGArchive / Locky Research
dga_01041,hngvawtfzcahsziw.ru,locky,3.8269,0.2222,19,True,0.985,DGArchive / Locky Research
dga_01042,mjtlxfkrurcbmfek.pw,locky,3.8269,0.1111,19,True,0.985,DGArchive / Locky Research
dga_01043,enjvhxlwbnzwqana.in,locky,3.6163,0.2222,19,True,0.985,DGArchive / Locky Research
dga_01044,srjlxndzrhhgpvgr.be,locky,3.7871,0.0556,19,True,0.985,DGArchive / Locky Research
dga_01045,emvtgzpkxdiesxey.su,locky,3.7871,0.2778,19,True,0.985,DGArchive / Locky Research
dga_01046,iwwyxdqryfyhaktd.pl,locky,3.7871,0.1111,19,True,0.985,DGArchive / Locky Research
dga_01047,ttclyivxkddvtlov.info,locky,3.5585,0.2,21,True,0.985,DGArchive / Locky Research
dga_01048,nnduawwhqhxokezc.ru,locky,3.8269,0.2778,19,True,0.985,DGArchive / Locky Research
dga_01049,cyakyhyjnsmfgccd.pw,locky,3.7474,0.0556,19,True,0.985,DGArchive / Locky Research
dga_01050,ifedocvkfseinarm.in,locky,3.6819,0.3889,19,True,0.985,DGArchive / Locky Research
